-- phpMyAdmin SQL Dump
-- version 5.2.1
-- https://www.phpmyadmin.net/
--
-- Host: 127.0.0.1
-- Generation Time: Mar 07, 2025 at 02:24 AM
-- Server version: 10.4.28-MariaDB
-- PHP Version: 8.2.4

SET SQL_MODE = "NO_AUTO_VALUE_ON_ZERO";
START TRANSACTION;
SET time_zone = "+00:00";


/*!40101 SET @OLD_CHARACTER_SET_CLIENT=@@CHARACTER_SET_CLIENT */;
/*!40101 SET @OLD_CHARACTER_SET_RESULTS=@@CHARACTER_SET_RESULTS */;
/*!40101 SET @OLD_COLLATION_CONNECTION=@@COLLATION_CONNECTION */;
/*!40101 SET NAMES utf8mb4 */;

--
-- Database: `ocrsdb`
--

-- --------------------------------------------------------

--
-- Table structure for table `assessments`
--

CREATE TABLE `assessments` (
  `id` bigint(20) UNSIGNED NOT NULL,
  `subject_id` bigint(20) UNSIGNED NOT NULL,
  `grading_period` varchar(255) NOT NULL,
  `type` varchar(255) NOT NULL,
  `description` varchar(255) NOT NULL,
  `max_points` decimal(5,2) DEFAULT NULL,
  `subject_type` varchar(255) NOT NULL,
  `activity_date` date DEFAULT NULL,
  `manual_activity_date` varchar(255) DEFAULT NULL,
  `published` tinyint(1) NOT NULL DEFAULT 0,
  `published_at` timestamp NULL DEFAULT NULL,
  `created_at` timestamp NULL DEFAULT NULL,
  `updated_at` timestamp NULL DEFAULT NULL
) ENGINE=InnoDB DEFAULT CHARSET=utf8mb4 COLLATE=utf8mb4_unicode_ci;

--
-- Dumping data for table `assessments`
--

INSERT INTO `assessments` (`id`, `subject_id`, `grading_period`, `type`, `description`, `max_points`, `subject_type`, `activity_date`, `manual_activity_date`, `published`, `published_at`, `created_at`, `updated_at`) VALUES
(1, 12, 'First Grading', 'Lab Activity', 'adwa', 50.00, 'Lab', '2025-03-04', NULL, 0, NULL, '2025-03-03 00:52:58', '2025-03-03 00:52:58'),
(2, 12, 'Midterm', 'Lab Activity', 'fgh', 60.00, 'Lab', '2025-03-21', NULL, 0, NULL, '2025-03-03 00:54:01', '2025-03-03 00:54:01'),
(3, 12, 'Finals', 'Lab Activity', 'awd', 70.00, 'Lab', '2025-03-20', NULL, 0, NULL, '2025-03-03 00:54:19', '2025-03-03 00:54:19'),
(4, 12, 'Finals', 'Direct Bonus Grade', 'fg', NULL, 'Lab', NULL, NULL, 0, NULL, '2025-03-03 00:59:44', '2025-03-03 00:59:44'),
(5, 16, 'First Grading', 'Lab Activity', 'asd', 50.00, 'Lab', '2025-03-05', NULL, 0, NULL, '2025-03-04 02:03:00', '2025-03-04 02:03:00'),
(6, 16, 'Midterm', 'Lab Activity', 'aad', 70.00, 'Lab', '2025-03-06', NULL, 0, NULL, '2025-03-04 02:03:19', '2025-03-04 02:03:19'),
(7, 16, 'Finals', 'Lab Activity', 'gasd', 80.00, 'Lab', '2025-03-07', NULL, 0, NULL, '2025-03-04 02:03:39', '2025-03-04 02:03:39'),
(8, 4, 'First Grading', 'Lab Activity', 'jkgkj', 50.00, 'Lab', '2025-03-05', NULL, 1, '2025-03-06 01:49:07', '2025-03-04 19:00:33', '2025-03-06 01:49:07'),
(9, 4, 'Midterm', 'Lab Activity', 'kjhkj', 80.00, 'Lab', '2025-03-13', NULL, 0, NULL, '2025-03-04 19:00:48', '2025-03-04 19:00:48'),
(10, 4, 'Finals', 'Lab Activity', 'jkhj', 60.00, 'Lab', '2025-03-13', NULL, 0, NULL, '2025-03-04 19:01:06', '2025-03-04 19:01:06'),
(11, 13, 'First Grading', 'Lab Activity', 'asd', 50.00, 'Lab', '2025-03-13', NULL, 0, NULL, '2025-03-04 19:10:04', '2025-03-04 19:10:04'),
(12, 13, 'Midterm', 'Lab Activity', 'sdfsd', 40.00, 'Lab', '2025-03-07', NULL, 0, NULL, '2025-03-04 19:10:20', '2025-03-04 19:10:20'),
(13, 13, 'Finals', 'Lab Activity', 'nfjad', 60.00, 'Lab', '2025-03-12', NULL, 0, NULL, '2025-03-04 19:10:37', '2025-03-04 19:10:37'),
(14, 4, 'Finals', 'Lab Activity', 'asdasd', 45.00, 'Lab', '2025-03-06', NULL, 0, NULL, '2025-03-05 21:57:24', '2025-03-05 21:57:24'),
(15, 4, 'First Grading', 'Lab Activity', 'asfdasd', 20.00, 'Lab', NULL, 'test input text', 1, '2025-03-06 01:50:02', '2025-03-06 00:02:21', '2025-03-06 01:50:02'),
(16, 4, 'First Grading', 'Lab Activity', 'asdasd', 50.00, 'Lab', '2025-03-07', NULL, 0, NULL, '2025-03-06 00:08:21', '2025-03-06 00:08:21'),
(17, 4, 'Midterm', 'Lab Activity', 'asdasd', 50.00, 'Lab', NULL, 'text test', 0, NULL, '2025-03-06 00:31:23', '2025-03-06 00:31:23'),
(18, 4, 'Finals', 'Lab Activity', 'adawd', 60.00, 'Lab', NULL, 'text text test', 0, NULL, '2025-03-06 00:36:38', '2025-03-06 00:36:38'),
(19, 4, 'Finals', 'Direct Bonus Grade', 'bonus', NULL, 'Lab', NULL, NULL, 0, NULL, '2025-03-06 00:40:08', '2025-03-06 00:40:08'),
(20, 4, 'First Grading', 'Lab Activity', 'asdasd', 20.00, 'Lab', NULL, 'march 10 2025', 1, '2025-03-06 01:50:04', '2025-03-06 01:25:31', '2025-03-06 01:50:04');

-- --------------------------------------------------------

--
-- Table structure for table `assessment_descriptions`
--

CREATE TABLE `assessment_descriptions` (
  `id` bigint(20) UNSIGNED NOT NULL,
  `subject_desc_id` bigint(20) UNSIGNED NOT NULL,
  `grading_period` varchar(255) NOT NULL,
  `type` varchar(255) NOT NULL,
  `description` varchar(255) NOT NULL,
  `created_at` timestamp NULL DEFAULT NULL,
  `updated_at` timestamp NULL DEFAULT NULL
) ENGINE=InnoDB DEFAULT CHARSET=utf8mb4 COLLATE=utf8mb4_unicode_ci;

-- --------------------------------------------------------

--
-- Table structure for table `assessment_views`
--

CREATE TABLE `assessment_views` (
  `id` bigint(20) UNSIGNED NOT NULL,
  `student_id` bigint(20) UNSIGNED NOT NULL,
  `assessment_id` bigint(20) UNSIGNED NOT NULL,
  `created_at` timestamp NULL DEFAULT NULL,
  `updated_at` timestamp NULL DEFAULT NULL
) ENGINE=InnoDB DEFAULT CHARSET=utf8mb4 COLLATE=utf8mb4_general_ci;

--
-- Dumping data for table `assessment_views`
--

INSERT INTO `assessment_views` (`id`, `student_id`, `assessment_id`, `created_at`, `updated_at`) VALUES
(1, 203, 8, NULL, NULL),
(2, 203, 20, NULL, NULL);

-- --------------------------------------------------------

--
-- Table structure for table `enrolled_students`
--

CREATE TABLE `enrolled_students` (
  `id` bigint(20) UNSIGNED NOT NULL,
  `student_id` bigint(20) UNSIGNED DEFAULT NULL,
  `imported_classlist_id` bigint(20) UNSIGNED NOT NULL,
  `created_at` timestamp NULL DEFAULT NULL,
  `updated_at` timestamp NULL DEFAULT NULL
) ENGINE=InnoDB DEFAULT CHARSET=utf8mb4 COLLATE=utf8mb4_unicode_ci;

--
-- Dumping data for table `enrolled_students`
--

INSERT INTO `enrolled_students` (`id`, `student_id`, `imported_classlist_id`, `created_at`, `updated_at`) VALUES
(61, 203, 4, '2024-11-19 00:54:55', '2024-11-19 00:54:55'),
(62, 204, 4, '2024-11-19 00:54:55', '2024-11-19 00:54:55'),
(63, 205, 4, '2024-11-19 00:54:55', '2024-11-19 00:54:55'),
(64, 206, 4, '2024-11-19 00:54:55', '2024-11-19 00:54:55'),
(65, 207, 4, '2024-11-19 00:54:55', '2024-11-19 00:54:55'),
(66, 208, 4, '2024-11-19 00:54:55', '2024-11-19 00:54:55'),
(67, 209, 4, '2024-11-19 00:54:56', '2024-11-19 00:54:56'),
(68, 210, 4, '2024-11-19 00:54:56', '2024-11-19 00:54:56'),
(69, 211, 4, '2024-11-19 00:54:56', '2024-11-19 00:54:56'),
(70, 212, 4, '2024-11-19 00:54:56', '2024-11-19 00:54:56'),
(71, 213, 4, '2024-11-19 00:54:56', '2024-11-19 00:54:56'),
(72, 214, 4, '2024-11-19 00:54:56', '2024-11-19 00:54:56'),
(73, 215, 4, '2024-11-19 00:54:56', '2024-11-19 00:54:56'),
(74, 216, 4, '2024-11-19 00:54:56', '2024-11-19 00:54:56'),
(75, 217, 4, '2024-11-19 00:54:56', '2024-11-19 00:54:56'),
(76, 218, 4, '2024-11-19 00:54:56', '2024-11-19 00:54:56'),
(77, 219, 4, '2024-11-19 00:54:56', '2024-11-19 00:54:56'),
(78, 220, 4, '2024-11-19 00:54:56', '2024-11-19 00:54:56'),
(79, 221, 4, '2024-11-19 00:54:56', '2024-11-19 00:54:56'),
(80, 222, 4, '2024-11-19 00:54:56', '2024-11-19 00:54:56'),
(186, 203, 10, '2024-11-19 01:52:27', '2024-11-19 01:52:27'),
(187, 204, 10, '2024-11-19 01:52:27', '2024-11-19 01:52:27'),
(188, 205, 10, '2024-11-19 01:52:27', '2024-11-19 01:52:27'),
(189, 206, 10, '2024-11-19 01:52:27', '2024-11-19 01:52:27'),
(190, 207, 10, '2024-11-19 01:52:28', '2024-11-19 01:52:28'),
(191, 208, 10, '2024-11-19 01:52:28', '2024-11-19 01:52:28'),
(192, 209, 10, '2024-11-19 01:52:28', '2024-11-19 01:52:28'),
(193, 210, 10, '2024-11-19 01:52:28', '2024-11-19 01:52:28'),
(194, 211, 10, '2024-11-19 01:52:28', '2024-11-19 01:52:28'),
(195, 212, 10, '2024-11-19 01:52:28', '2024-11-19 01:52:28'),
(196, 213, 10, '2024-11-19 01:52:28', '2024-11-19 01:52:28'),
(197, 214, 10, '2024-11-19 01:52:28', '2024-11-19 01:52:28'),
(198, 215, 10, '2024-11-19 01:52:28', '2024-11-19 01:52:28'),
(199, 216, 10, '2024-11-19 01:52:28', '2024-11-19 01:52:28'),
(200, 217, 10, '2024-11-19 01:52:28', '2024-11-19 01:52:28'),
(201, 218, 10, '2024-11-19 01:52:28', '2024-11-19 01:52:28'),
(202, 219, 10, '2024-11-19 01:52:28', '2024-11-19 01:52:28'),
(203, 220, 10, '2024-11-19 01:52:28', '2024-11-19 01:52:28'),
(204, 221, 10, '2024-11-19 01:52:28', '2024-11-19 01:52:28'),
(205, 222, 10, '2024-11-19 01:52:28', '2024-11-19 01:52:28'),
(206, 223, 10, '2024-11-19 01:52:28', '2024-11-19 01:52:28'),
(223, 225, 12, '2024-11-19 03:23:59', '2024-11-19 03:23:59'),
(224, 226, 12, '2024-11-19 03:23:59', '2024-11-19 03:23:59'),
(225, 227, 12, '2024-11-19 03:23:59', '2024-11-19 03:23:59'),
(226, 228, 12, '2024-11-19 03:23:59', '2024-11-19 03:23:59'),
(227, 229, 12, '2024-11-19 03:23:59', '2024-11-19 03:23:59'),
(228, 230, 12, '2024-11-19 03:23:59', '2024-11-19 03:23:59'),
(229, 231, 12, '2024-11-19 03:23:59', '2024-11-19 03:23:59'),
(230, 232, 12, '2024-11-19 03:23:59', '2024-11-19 03:23:59'),
(231, 233, 12, '2024-11-19 03:23:59', '2024-11-19 03:23:59'),
(232, 234, 12, '2024-11-19 03:24:00', '2024-11-19 03:24:00'),
(233, 235, 12, '2024-11-19 03:24:00', '2024-11-19 03:24:00'),
(234, 236, 12, '2024-11-19 03:24:00', '2024-11-19 03:24:00'),
(235, 237, 12, '2024-11-19 03:24:00', '2024-11-19 03:24:00'),
(236, 238, 12, '2024-11-19 03:24:00', '2024-11-19 03:24:00'),
(239, 203, 13, '2024-11-20 00:57:02', '2024-11-20 00:57:02'),
(240, 204, 13, '2024-11-20 00:57:02', '2024-11-20 00:57:02'),
(241, 205, 13, '2024-11-20 00:57:02', '2024-11-20 00:57:02'),
(242, 206, 13, '2024-11-20 00:57:02', '2024-11-20 00:57:02'),
(243, 207, 13, '2024-11-20 00:57:03', '2024-11-20 00:57:03'),
(244, 208, 13, '2024-11-20 00:57:03', '2024-11-20 00:57:03'),
(245, 209, 13, '2024-11-20 00:57:03', '2024-11-20 00:57:03'),
(246, 210, 13, '2024-11-20 00:57:03', '2024-11-20 00:57:03'),
(247, 211, 13, '2024-11-20 00:57:03', '2024-11-20 00:57:03'),
(248, 212, 13, '2024-11-20 00:57:03', '2024-11-20 00:57:03'),
(249, 213, 13, '2024-11-20 00:57:03', '2024-11-20 00:57:03'),
(250, 221, 13, '2024-11-20 00:57:03', '2024-11-20 00:57:03'),
(253, 225, 14, '2024-12-07 18:54:51', '2024-12-07 18:54:51'),
(254, 226, 14, '2024-12-07 18:54:51', '2024-12-07 18:54:51'),
(255, 227, 14, '2024-12-07 18:54:51', '2024-12-07 18:54:51'),
(256, 228, 14, '2024-12-07 18:54:51', '2024-12-07 18:54:51'),
(257, 229, 14, '2024-12-07 18:54:51', '2024-12-07 18:54:51'),
(258, 230, 14, '2024-12-07 18:54:51', '2024-12-07 18:54:51'),
(259, 231, 14, '2024-12-07 18:54:51', '2024-12-07 18:54:51'),
(260, 232, 14, '2024-12-07 18:54:51', '2024-12-07 18:54:51'),
(261, 233, 14, '2024-12-07 18:54:51', '2024-12-07 18:54:51'),
(262, 234, 14, '2024-12-07 18:54:51', '2024-12-07 18:54:51'),
(263, 235, 14, '2024-12-07 18:54:51', '2024-12-07 18:54:51'),
(264, 236, 14, '2024-12-07 18:54:52', '2024-12-07 18:54:52'),
(265, 237, 14, '2024-12-07 18:54:52', '2024-12-07 18:54:52'),
(266, 238, 14, '2024-12-07 18:54:52', '2024-12-07 18:54:52'),
(267, 239, 14, '2024-12-07 18:54:52', '2024-12-07 18:54:52'),
(268, 240, 14, '2024-12-07 18:54:52', '2024-12-07 18:54:52'),
(269, 241, 14, '2024-12-07 19:19:21', '2024-12-07 19:19:21'),
(270, 225, 15, '2025-03-02 17:40:28', '2025-03-02 17:40:28'),
(271, 226, 15, '2025-03-02 17:40:28', '2025-03-02 17:40:28'),
(272, 227, 15, '2025-03-02 17:40:28', '2025-03-02 17:40:28'),
(273, 228, 15, '2025-03-02 17:40:28', '2025-03-02 17:40:28'),
(274, 229, 15, '2025-03-02 17:40:28', '2025-03-02 17:40:28'),
(275, 230, 15, '2025-03-02 17:40:28', '2025-03-02 17:40:28'),
(276, 231, 15, '2025-03-02 17:40:28', '2025-03-02 17:40:28'),
(277, 232, 15, '2025-03-02 17:40:28', '2025-03-02 17:40:28'),
(278, 233, 15, '2025-03-02 17:40:29', '2025-03-02 17:40:29'),
(279, 234, 15, '2025-03-02 17:40:29', '2025-03-02 17:40:29'),
(280, 235, 15, '2025-03-02 17:40:29', '2025-03-02 17:40:29'),
(281, 236, 15, '2025-03-02 17:40:29', '2025-03-02 17:40:29'),
(282, 237, 15, '2025-03-02 17:40:29', '2025-03-02 17:40:29'),
(283, 238, 15, '2025-03-02 17:40:30', '2025-03-02 17:40:30'),
(284, 239, 15, '2025-03-02 17:40:30', '2025-03-02 17:40:30'),
(285, 241, 15, '2025-03-02 17:40:30', '2025-03-02 17:40:30'),
(286, 225, 16, '2025-03-04 02:02:29', '2025-03-04 02:02:29'),
(287, 226, 16, '2025-03-04 02:02:29', '2025-03-04 02:02:29'),
(288, 227, 16, '2025-03-04 02:02:29', '2025-03-04 02:02:29'),
(289, 228, 16, '2025-03-04 02:02:29', '2025-03-04 02:02:29'),
(290, 229, 16, '2025-03-04 02:02:29', '2025-03-04 02:02:29'),
(291, 230, 16, '2025-03-04 02:02:29', '2025-03-04 02:02:29'),
(292, 231, 16, '2025-03-04 02:02:29', '2025-03-04 02:02:29'),
(293, 232, 16, '2025-03-04 02:02:29', '2025-03-04 02:02:29'),
(294, 233, 16, '2025-03-04 02:02:29', '2025-03-04 02:02:29'),
(295, 242, 16, '2025-03-04 02:02:30', '2025-03-04 02:02:30'),
(296, 234, 16, '2025-03-04 02:02:30', '2025-03-04 02:02:30'),
(297, 235, 16, '2025-03-04 02:02:30', '2025-03-04 02:02:30'),
(298, 236, 16, '2025-03-04 02:02:30', '2025-03-04 02:02:30'),
(299, 237, 16, '2025-03-04 02:02:30', '2025-03-04 02:02:30'),
(300, 238, 16, '2025-03-04 02:02:30', '2025-03-04 02:02:30'),
(301, 239, 16, '2025-03-04 02:02:30', '2025-03-04 02:02:30'),
(302, 243, 16, '2025-03-04 02:02:30', '2025-03-04 02:02:30'),
(303, 240, 16, '2025-03-04 02:02:30', '2025-03-04 02:02:30'),
(304, 225, 17, '2025-03-05 03:06:19', '2025-03-05 03:06:19'),
(305, 226, 17, '2025-03-05 03:06:19', '2025-03-05 03:06:19'),
(306, 227, 17, '2025-03-05 03:06:19', '2025-03-05 03:06:19'),
(307, 228, 17, '2025-03-05 03:06:19', '2025-03-05 03:06:19'),
(308, 229, 17, '2025-03-05 03:06:19', '2025-03-05 03:06:19'),
(309, 230, 17, '2025-03-05 03:06:19', '2025-03-05 03:06:19'),
(310, 231, 17, '2025-03-05 03:06:19', '2025-03-05 03:06:19'),
(311, 232, 17, '2025-03-05 03:06:19', '2025-03-05 03:06:19'),
(312, 233, 17, '2025-03-05 03:06:19', '2025-03-05 03:06:19'),
(313, 242, 17, '2025-03-05 03:06:19', '2025-03-05 03:06:19'),
(314, 234, 17, '2025-03-05 03:06:19', '2025-03-05 03:06:19'),
(315, 235, 17, '2025-03-05 03:06:19', '2025-03-05 03:06:19'),
(316, 236, 17, '2025-03-05 03:06:19', '2025-03-05 03:06:19'),
(317, 237, 17, '2025-03-05 03:06:19', '2025-03-05 03:06:19'),
(318, 238, 17, '2025-03-05 03:06:20', '2025-03-05 03:06:20'),
(319, 239, 17, '2025-03-05 03:06:20', '2025-03-05 03:06:20'),
(320, 243, 17, '2025-03-05 03:06:20', '2025-03-05 03:06:20'),
(321, 240, 17, '2025-03-05 03:06:20', '2025-03-05 03:06:20');

-- --------------------------------------------------------

--
-- Table structure for table `failed_jobs`
--

CREATE TABLE `failed_jobs` (
  `id` bigint(20) UNSIGNED NOT NULL,
  `uuid` varchar(255) NOT NULL,
  `connection` text NOT NULL,
  `queue` text NOT NULL,
  `payload` longtext NOT NULL,
  `exception` longtext NOT NULL,
  `failed_at` timestamp NOT NULL DEFAULT current_timestamp()
) ENGINE=InnoDB DEFAULT CHARSET=utf8mb4 COLLATE=utf8mb4_unicode_ci;

-- --------------------------------------------------------

--
-- Table structure for table `grades`
--

CREATE TABLE `grades` (
  `id` bigint(20) UNSIGNED NOT NULL,
  `enrolled_student_id` bigint(20) UNSIGNED NOT NULL,
  `assessment_id` bigint(20) UNSIGNED DEFAULT NULL,
  `points` varchar(255) DEFAULT NULL,
  `total_fg_lec` decimal(5,2) DEFAULT NULL,
  `lec_fg_grade` int(11) DEFAULT NULL,
  `total_fg_lab` decimal(5,2) DEFAULT NULL,
  `lab_fg_grade` int(11) DEFAULT NULL,
  `total_fg_grade` decimal(5,2) DEFAULT NULL,
  `tentative_fg_grade` int(11) DEFAULT NULL,
  `fg_grade` int(11) DEFAULT NULL,
  `total_midterms_lec` decimal(5,2) DEFAULT NULL,
  `lec_midterms_grade` int(11) DEFAULT NULL,
  `total_midterms_lab` decimal(5,2) DEFAULT NULL,
  `lab_midterms_grade` int(11) DEFAULT NULL,
  `total_midterms_grade` decimal(5,2) DEFAULT NULL,
  `tentative_midterms_grade` int(11) DEFAULT NULL,
  `midterms_grade` int(11) DEFAULT NULL,
  `total_finals_lec` decimal(5,2) DEFAULT NULL,
  `lec_finals_grade` int(11) DEFAULT NULL,
  `total_finals_lab` decimal(5,2) DEFAULT NULL,
  `lab_finals_grade` int(11) DEFAULT NULL,
  `total_finals_grade` decimal(5,2) DEFAULT NULL,
  `tentative_finals_grade` int(11) DEFAULT NULL,
  `finals_grade` int(11) DEFAULT NULL,
  `adjusted_finals_grade` int(11) DEFAULT NULL,
  `published` tinyint(1) NOT NULL DEFAULT 0,
  `published_midterms` tinyint(1) DEFAULT 0,
  `published_finals` tinyint(1) DEFAULT 0,
  `status` varchar(255) DEFAULT NULL,
  `midterms_status` varchar(255) DEFAULT NULL,
  `finals_status` varchar(255) DEFAULT NULL,
  `created_at` timestamp NULL DEFAULT NULL,
  `updated_at` timestamp NULL DEFAULT NULL
) ENGINE=InnoDB DEFAULT CHARSET=utf8mb4 COLLATE=utf8mb4_unicode_ci;

--
-- Dumping data for table `grades`
--

INSERT INTO `grades` (`id`, `enrolled_student_id`, `assessment_id`, `points`, `total_fg_lec`, `lec_fg_grade`, `total_fg_lab`, `lab_fg_grade`, `total_fg_grade`, `tentative_fg_grade`, `fg_grade`, `total_midterms_lec`, `lec_midterms_grade`, `total_midterms_lab`, `lab_midterms_grade`, `total_midterms_grade`, `tentative_midterms_grade`, `midterms_grade`, `total_finals_lec`, `lec_finals_grade`, `total_finals_lab`, `lab_finals_grade`, `total_finals_grade`, `tentative_finals_grade`, `finals_grade`, `adjusted_finals_grade`, `published`, `published_midterms`, `published_finals`, `status`, `midterms_status`, `finals_status`, `created_at`, `updated_at`) VALUES
(1, 224, 1, '0', NULL, NULL, NULL, NULL, NULL, NULL, NULL, NULL, NULL, NULL, NULL, NULL, NULL, NULL, NULL, NULL, NULL, NULL, NULL, NULL, NULL, NULL, 0, 0, 0, NULL, NULL, NULL, '2025-03-03 00:52:59', '2025-03-03 00:52:59'),
(2, 226, 1, '0', NULL, NULL, NULL, NULL, NULL, NULL, NULL, NULL, NULL, NULL, NULL, NULL, NULL, NULL, NULL, NULL, NULL, NULL, NULL, NULL, NULL, NULL, 0, 0, 0, NULL, NULL, NULL, '2025-03-03 00:52:59', '2025-03-03 00:52:59'),
(3, 223, 1, '43', NULL, NULL, NULL, NULL, NULL, NULL, NULL, NULL, NULL, NULL, NULL, NULL, NULL, NULL, NULL, NULL, NULL, NULL, NULL, NULL, NULL, NULL, 0, 0, 0, NULL, NULL, NULL, '2025-03-03 00:52:59', '2025-03-03 00:55:07'),
(4, 225, 1, '0', NULL, NULL, NULL, NULL, NULL, NULL, NULL, NULL, NULL, NULL, NULL, NULL, NULL, NULL, NULL, NULL, NULL, NULL, NULL, NULL, NULL, NULL, 0, 0, 0, NULL, NULL, NULL, '2025-03-03 00:53:00', '2025-03-03 00:53:00'),
(5, 228, 1, '0', NULL, NULL, NULL, NULL, NULL, NULL, NULL, NULL, NULL, NULL, NULL, NULL, NULL, NULL, NULL, NULL, NULL, NULL, NULL, NULL, NULL, NULL, 0, 0, 0, NULL, NULL, NULL, '2025-03-03 00:53:00', '2025-03-03 00:53:00'),
(6, 224, NULL, NULL, NULL, NULL, NULL, NULL, 0.00, NULL, 65, NULL, NULL, NULL, NULL, 0.00, 65, 65, NULL, NULL, NULL, NULL, 0.00, 65, 65, 70, 0, 0, 0, NULL, NULL, NULL, '2025-03-03 00:53:00', '2025-03-04 18:59:41'),
(7, 226, NULL, NULL, NULL, NULL, NULL, NULL, 0.00, NULL, 65, NULL, NULL, NULL, NULL, 0.00, 65, 65, NULL, NULL, NULL, NULL, 0.00, 65, 65, 70, 0, 0, 0, NULL, NULL, 'DRP', '2025-03-03 00:53:00', '2025-03-04 18:59:43'),
(8, 225, NULL, NULL, NULL, NULL, NULL, NULL, 0.00, NULL, 65, NULL, NULL, NULL, NULL, 0.00, 65, 65, NULL, NULL, NULL, NULL, 0.00, 65, 65, 70, 0, 0, 0, NULL, NULL, 'WITHDRAW', '2025-03-03 00:53:00', '2025-03-04 18:59:42'),
(9, 223, NULL, NULL, NULL, NULL, NULL, NULL, 43.00, NULL, 88, NULL, NULL, NULL, NULL, 56.00, 94, 92, NULL, NULL, NULL, NULL, 67.00, 96, 95, 96, 0, 0, 0, NULL, NULL, NULL, '2025-03-03 00:53:00', '2025-03-04 18:59:41'),
(10, 228, NULL, NULL, NULL, NULL, NULL, NULL, 0.00, NULL, 65, NULL, NULL, NULL, NULL, 0.00, 65, 65, NULL, NULL, NULL, NULL, 0.00, 65, 65, 70, 0, 0, 0, NULL, NULL, 'INC', '2025-03-03 00:53:01', '2025-03-04 18:59:44'),
(11, 229, 1, '0', NULL, NULL, NULL, NULL, NULL, NULL, NULL, NULL, NULL, NULL, NULL, NULL, NULL, NULL, NULL, NULL, NULL, NULL, NULL, NULL, NULL, NULL, 0, 0, 0, NULL, NULL, NULL, '2025-03-03 00:53:01', '2025-03-03 00:53:01'),
(12, 227, 1, '0', NULL, NULL, NULL, NULL, NULL, NULL, NULL, NULL, NULL, NULL, NULL, NULL, NULL, NULL, NULL, NULL, NULL, NULL, NULL, NULL, NULL, NULL, 0, 0, 0, NULL, NULL, NULL, '2025-03-03 00:53:01', '2025-03-03 00:53:01'),
(13, 231, 1, '0', NULL, NULL, NULL, NULL, NULL, NULL, NULL, NULL, NULL, NULL, NULL, NULL, NULL, NULL, NULL, NULL, NULL, NULL, NULL, NULL, NULL, NULL, 0, 0, 0, NULL, NULL, NULL, '2025-03-03 00:53:01', '2025-03-03 00:53:01'),
(14, 230, 1, '0', NULL, NULL, NULL, NULL, NULL, NULL, NULL, NULL, NULL, NULL, NULL, NULL, NULL, NULL, NULL, NULL, NULL, NULL, NULL, NULL, NULL, NULL, 0, 0, 0, NULL, NULL, NULL, '2025-03-03 00:53:01', '2025-03-03 00:53:01'),
(15, 232, 1, '0', NULL, NULL, NULL, NULL, NULL, NULL, NULL, NULL, NULL, NULL, NULL, NULL, NULL, NULL, NULL, NULL, NULL, NULL, NULL, NULL, NULL, NULL, 0, 0, 0, NULL, NULL, NULL, '2025-03-03 00:53:01', '2025-03-03 00:53:01'),
(16, 229, NULL, NULL, NULL, NULL, NULL, NULL, 0.00, NULL, 65, NULL, NULL, NULL, NULL, 0.00, 65, 65, NULL, NULL, NULL, NULL, 0.00, 65, 65, 70, 0, 0, 0, NULL, NULL, 'INC', '2025-03-03 00:53:01', '2025-03-04 18:59:44'),
(17, 227, NULL, NULL, NULL, NULL, NULL, NULL, 0.00, NULL, 65, NULL, NULL, NULL, NULL, 0.00, 65, 65, NULL, NULL, NULL, NULL, 0.00, 65, 65, 70, 0, 0, 0, NULL, NULL, 'DRP', '2025-03-03 00:53:01', '2025-03-04 18:59:43'),
(18, 233, 1, '0', NULL, NULL, NULL, NULL, NULL, NULL, NULL, NULL, NULL, NULL, NULL, NULL, NULL, NULL, NULL, NULL, NULL, NULL, NULL, NULL, NULL, NULL, 0, 0, 0, NULL, NULL, NULL, '2025-03-03 00:53:01', '2025-03-03 00:53:01'),
(19, 231, NULL, NULL, NULL, NULL, NULL, NULL, 0.00, NULL, 65, NULL, NULL, NULL, NULL, 0.00, 65, 65, NULL, NULL, NULL, NULL, 0.00, 65, 65, 70, 0, 0, 0, NULL, NULL, NULL, '2025-03-03 00:53:01', '2025-03-04 18:59:44'),
(20, 230, NULL, NULL, NULL, NULL, NULL, NULL, 0.00, NULL, 65, NULL, NULL, NULL, NULL, 0.00, 65, 65, NULL, NULL, NULL, NULL, 0.00, 65, 65, 70, 0, 0, 0, NULL, NULL, NULL, '2025-03-03 00:53:01', '2025-03-04 18:59:44'),
(21, 232, NULL, NULL, NULL, NULL, NULL, NULL, 0.00, NULL, 65, NULL, NULL, NULL, NULL, 0.00, 65, 65, NULL, NULL, NULL, NULL, 0.00, 65, 65, 70, 0, 0, 0, NULL, NULL, NULL, '2025-03-03 00:53:01', '2025-03-04 18:59:44'),
(22, 233, NULL, NULL, NULL, NULL, NULL, NULL, 0.00, NULL, 65, NULL, NULL, NULL, NULL, 0.00, 65, 65, NULL, NULL, NULL, NULL, 0.00, 65, 65, 70, 0, 0, 0, NULL, NULL, NULL, '2025-03-03 00:53:01', '2025-03-04 18:49:20'),
(23, 234, 1, '0', NULL, NULL, NULL, NULL, NULL, NULL, NULL, NULL, NULL, NULL, NULL, NULL, NULL, NULL, NULL, NULL, NULL, NULL, NULL, NULL, NULL, NULL, 0, 0, 0, NULL, NULL, NULL, '2025-03-03 00:53:02', '2025-03-03 00:53:02'),
(24, 235, 1, '0', NULL, NULL, NULL, NULL, NULL, NULL, NULL, NULL, NULL, NULL, NULL, NULL, NULL, NULL, NULL, NULL, NULL, NULL, NULL, NULL, NULL, NULL, 0, 0, 0, NULL, NULL, NULL, '2025-03-03 00:53:02', '2025-03-03 00:53:02'),
(25, 236, 1, '0', NULL, NULL, NULL, NULL, NULL, NULL, NULL, NULL, NULL, NULL, NULL, NULL, NULL, NULL, NULL, NULL, NULL, NULL, NULL, NULL, NULL, NULL, 0, 0, 0, NULL, NULL, NULL, '2025-03-03 00:53:02', '2025-03-03 00:53:02'),
(26, 234, NULL, NULL, NULL, NULL, NULL, NULL, 0.00, NULL, 65, NULL, NULL, NULL, NULL, 0.00, 65, 65, NULL, NULL, NULL, NULL, 0.00, 65, 65, 70, 0, 0, 0, NULL, NULL, NULL, '2025-03-03 00:53:02', '2025-03-04 18:49:21'),
(27, 235, NULL, NULL, NULL, NULL, NULL, NULL, 0.00, NULL, 65, NULL, NULL, NULL, NULL, 0.00, 65, 65, NULL, NULL, NULL, NULL, 0.00, 65, 65, 70, 0, 0, 0, NULL, NULL, NULL, '2025-03-03 00:53:02', '2025-03-04 18:49:21'),
(28, 236, NULL, NULL, NULL, NULL, NULL, NULL, 0.00, NULL, 65, NULL, NULL, NULL, NULL, 0.00, 65, 65, NULL, NULL, NULL, NULL, 0.00, 65, 65, 70, 0, 0, 0, NULL, NULL, NULL, '2025-03-03 00:53:02', '2025-03-04 18:49:21'),
(29, 225, 2, '0', NULL, NULL, NULL, NULL, NULL, NULL, NULL, NULL, NULL, NULL, NULL, NULL, NULL, NULL, NULL, NULL, NULL, NULL, NULL, NULL, NULL, NULL, 0, 0, 0, NULL, NULL, NULL, '2025-03-03 00:54:03', '2025-03-03 00:54:03'),
(30, 224, 2, '0', NULL, NULL, NULL, NULL, NULL, NULL, NULL, NULL, NULL, NULL, NULL, NULL, NULL, NULL, NULL, NULL, NULL, NULL, NULL, NULL, NULL, NULL, 0, 0, 0, NULL, NULL, NULL, '2025-03-03 00:54:03', '2025-03-03 00:54:03'),
(31, 223, 2, '56', NULL, NULL, NULL, NULL, NULL, NULL, NULL, NULL, NULL, NULL, NULL, NULL, NULL, NULL, NULL, NULL, NULL, NULL, NULL, NULL, NULL, NULL, 0, 0, 0, NULL, NULL, NULL, '2025-03-03 00:54:03', '2025-03-03 00:54:49'),
(32, 226, 2, '0', NULL, NULL, NULL, NULL, NULL, NULL, NULL, NULL, NULL, NULL, NULL, NULL, NULL, NULL, NULL, NULL, NULL, NULL, NULL, NULL, NULL, NULL, 0, 0, 0, NULL, NULL, NULL, '2025-03-03 00:54:04', '2025-03-03 00:54:04'),
(33, 227, 2, '0', NULL, NULL, NULL, NULL, NULL, NULL, NULL, NULL, NULL, NULL, NULL, NULL, NULL, NULL, NULL, NULL, NULL, NULL, NULL, NULL, NULL, NULL, 0, 0, 0, NULL, NULL, NULL, '2025-03-03 00:54:04', '2025-03-03 00:54:04'),
(34, 228, 2, '0', NULL, NULL, NULL, NULL, NULL, NULL, NULL, NULL, NULL, NULL, NULL, NULL, NULL, NULL, NULL, NULL, NULL, NULL, NULL, NULL, NULL, NULL, 0, 0, 0, NULL, NULL, NULL, '2025-03-03 00:54:04', '2025-03-03 00:54:04'),
(35, 229, 2, '0', NULL, NULL, NULL, NULL, NULL, NULL, NULL, NULL, NULL, NULL, NULL, NULL, NULL, NULL, NULL, NULL, NULL, NULL, NULL, NULL, NULL, NULL, 0, 0, 0, NULL, NULL, NULL, '2025-03-03 00:54:05', '2025-03-03 00:54:05'),
(36, 230, 2, '0', NULL, NULL, NULL, NULL, NULL, NULL, NULL, NULL, NULL, NULL, NULL, NULL, NULL, NULL, NULL, NULL, NULL, NULL, NULL, NULL, NULL, NULL, 0, 0, 0, NULL, NULL, NULL, '2025-03-03 00:54:05', '2025-03-03 00:54:05'),
(37, 231, 2, '0', NULL, NULL, NULL, NULL, NULL, NULL, NULL, NULL, NULL, NULL, NULL, NULL, NULL, NULL, NULL, NULL, NULL, NULL, NULL, NULL, NULL, NULL, 0, 0, 0, NULL, NULL, NULL, '2025-03-03 00:54:05', '2025-03-03 00:54:05'),
(38, 233, 2, '0', NULL, NULL, NULL, NULL, NULL, NULL, NULL, NULL, NULL, NULL, NULL, NULL, NULL, NULL, NULL, NULL, NULL, NULL, NULL, NULL, NULL, NULL, 0, 0, 0, NULL, NULL, NULL, '2025-03-03 00:54:06', '2025-03-03 00:54:06'),
(39, 232, 2, '0', NULL, NULL, NULL, NULL, NULL, NULL, NULL, NULL, NULL, NULL, NULL, NULL, NULL, NULL, NULL, NULL, NULL, NULL, NULL, NULL, NULL, NULL, 0, 0, 0, NULL, NULL, NULL, '2025-03-03 00:54:07', '2025-03-03 00:54:07'),
(40, 234, 2, '0', NULL, NULL, NULL, NULL, NULL, NULL, NULL, NULL, NULL, NULL, NULL, NULL, NULL, NULL, NULL, NULL, NULL, NULL, NULL, NULL, NULL, NULL, 0, 0, 0, NULL, NULL, NULL, '2025-03-03 00:54:07', '2025-03-03 00:54:07'),
(41, 236, 2, '0', NULL, NULL, NULL, NULL, NULL, NULL, NULL, NULL, NULL, NULL, NULL, NULL, NULL, NULL, NULL, NULL, NULL, NULL, NULL, NULL, NULL, NULL, 0, 0, 0, NULL, NULL, NULL, '2025-03-03 00:54:08', '2025-03-03 00:54:08'),
(42, 224, 3, '0', NULL, NULL, NULL, NULL, NULL, NULL, NULL, NULL, NULL, NULL, NULL, NULL, NULL, NULL, NULL, NULL, NULL, NULL, NULL, NULL, NULL, NULL, 0, 0, 0, NULL, NULL, NULL, '2025-03-03 00:54:21', '2025-03-03 00:54:21'),
(43, 223, 3, '67', NULL, NULL, NULL, NULL, NULL, NULL, NULL, NULL, NULL, NULL, NULL, NULL, NULL, NULL, NULL, NULL, NULL, NULL, NULL, NULL, NULL, NULL, 0, 0, 0, NULL, NULL, NULL, '2025-03-03 00:54:21', '2025-03-03 00:54:57'),
(44, 225, 3, '0', NULL, NULL, NULL, NULL, NULL, NULL, NULL, NULL, NULL, NULL, NULL, NULL, NULL, NULL, NULL, NULL, NULL, NULL, NULL, NULL, NULL, NULL, 0, 0, 0, NULL, NULL, NULL, '2025-03-03 00:54:21', '2025-03-03 00:54:21'),
(45, 226, 3, '0', NULL, NULL, NULL, NULL, NULL, NULL, NULL, NULL, NULL, NULL, NULL, NULL, NULL, NULL, NULL, NULL, NULL, NULL, NULL, NULL, NULL, NULL, 0, 0, 0, NULL, NULL, NULL, '2025-03-03 00:54:21', '2025-03-03 00:54:21'),
(46, 227, 3, '0', NULL, NULL, NULL, NULL, NULL, NULL, NULL, NULL, NULL, NULL, NULL, NULL, NULL, NULL, NULL, NULL, NULL, NULL, NULL, NULL, NULL, NULL, 0, 0, 0, NULL, NULL, NULL, '2025-03-03 00:54:22', '2025-03-03 00:54:22'),
(47, 229, 3, '0', NULL, NULL, NULL, NULL, NULL, NULL, NULL, NULL, NULL, NULL, NULL, NULL, NULL, NULL, NULL, NULL, NULL, NULL, NULL, NULL, NULL, NULL, 0, 0, 0, NULL, NULL, NULL, '2025-03-03 00:54:23', '2025-03-03 00:54:23'),
(48, 231, 3, '0', NULL, NULL, NULL, NULL, NULL, NULL, NULL, NULL, NULL, NULL, NULL, NULL, NULL, NULL, NULL, NULL, NULL, NULL, NULL, NULL, NULL, NULL, 0, 0, 0, NULL, NULL, NULL, '2025-03-03 00:54:23', '2025-03-03 00:54:23'),
(49, 230, 3, '0', NULL, NULL, NULL, NULL, NULL, NULL, NULL, NULL, NULL, NULL, NULL, NULL, NULL, NULL, NULL, NULL, NULL, NULL, NULL, NULL, NULL, NULL, 0, 0, 0, NULL, NULL, NULL, '2025-03-03 00:54:23', '2025-03-03 00:54:23'),
(50, 233, 3, '0', NULL, NULL, NULL, NULL, NULL, NULL, NULL, NULL, NULL, NULL, NULL, NULL, NULL, NULL, NULL, NULL, NULL, NULL, NULL, NULL, NULL, NULL, 0, 0, 0, NULL, NULL, NULL, '2025-03-03 00:54:24', '2025-03-03 00:54:24'),
(51, 232, 3, '0', NULL, NULL, NULL, NULL, NULL, NULL, NULL, NULL, NULL, NULL, NULL, NULL, NULL, NULL, NULL, NULL, NULL, NULL, NULL, NULL, NULL, NULL, 0, 0, 0, NULL, NULL, NULL, '2025-03-03 00:54:24', '2025-03-03 00:54:24'),
(52, 234, 3, '0', NULL, NULL, NULL, NULL, NULL, NULL, NULL, NULL, NULL, NULL, NULL, NULL, NULL, NULL, NULL, NULL, NULL, NULL, NULL, NULL, NULL, NULL, 0, 0, 0, NULL, NULL, NULL, '2025-03-03 00:54:24', '2025-03-03 00:54:24'),
(53, 235, 3, '0', NULL, NULL, NULL, NULL, NULL, NULL, NULL, NULL, NULL, NULL, NULL, NULL, NULL, NULL, NULL, NULL, NULL, NULL, NULL, NULL, NULL, NULL, 0, 0, 0, NULL, NULL, NULL, '2025-03-03 00:54:25', '2025-03-03 00:54:25'),
(54, 235, 2, '0', NULL, NULL, NULL, NULL, NULL, NULL, NULL, NULL, NULL, NULL, NULL, NULL, NULL, NULL, NULL, NULL, NULL, NULL, NULL, NULL, NULL, NULL, 0, 0, 0, NULL, NULL, NULL, '2025-03-03 00:54:25', '2025-03-03 00:54:25'),
(55, 236, 3, '0', NULL, NULL, NULL, NULL, NULL, NULL, NULL, NULL, NULL, NULL, NULL, NULL, NULL, NULL, NULL, NULL, NULL, NULL, NULL, NULL, NULL, NULL, 0, 0, 0, NULL, NULL, NULL, '2025-03-03 00:54:25', '2025-03-03 00:54:25'),
(56, 228, 3, '0', NULL, NULL, NULL, NULL, NULL, NULL, NULL, NULL, NULL, NULL, NULL, NULL, NULL, NULL, NULL, NULL, NULL, NULL, NULL, NULL, NULL, NULL, 0, 0, 0, NULL, NULL, NULL, '2025-03-03 00:59:29', '2025-03-03 00:59:29'),
(57, 223, 4, '1', NULL, NULL, NULL, NULL, NULL, NULL, NULL, NULL, NULL, NULL, NULL, NULL, NULL, NULL, NULL, NULL, NULL, NULL, NULL, NULL, NULL, NULL, 0, 0, 0, NULL, NULL, NULL, '2025-03-03 00:59:47', '2025-03-03 01:10:08'),
(58, 224, 4, '0', NULL, NULL, NULL, NULL, NULL, NULL, NULL, NULL, NULL, NULL, NULL, NULL, NULL, NULL, NULL, NULL, NULL, NULL, NULL, NULL, NULL, NULL, 0, 0, 0, NULL, NULL, NULL, '2025-03-03 00:59:48', '2025-03-03 00:59:48'),
(59, 225, 4, '0', NULL, NULL, NULL, NULL, NULL, NULL, NULL, NULL, NULL, NULL, NULL, NULL, NULL, NULL, NULL, NULL, NULL, NULL, NULL, NULL, NULL, NULL, 0, 0, 0, NULL, NULL, NULL, '2025-03-03 00:59:49', '2025-03-03 00:59:49'),
(60, 226, 4, '0', NULL, NULL, NULL, NULL, NULL, NULL, NULL, NULL, NULL, NULL, NULL, NULL, NULL, NULL, NULL, NULL, NULL, NULL, NULL, NULL, NULL, NULL, 0, 0, 0, NULL, NULL, NULL, '2025-03-03 00:59:49', '2025-03-03 00:59:49'),
(61, 227, 4, '0', NULL, NULL, NULL, NULL, NULL, NULL, NULL, NULL, NULL, NULL, NULL, NULL, NULL, NULL, NULL, NULL, NULL, NULL, NULL, NULL, NULL, NULL, 0, 0, 0, NULL, NULL, NULL, '2025-03-03 00:59:50', '2025-03-03 00:59:50'),
(62, 228, 4, '0', NULL, NULL, NULL, NULL, NULL, NULL, NULL, NULL, NULL, NULL, NULL, NULL, NULL, NULL, NULL, NULL, NULL, NULL, NULL, NULL, NULL, NULL, 0, 0, 0, NULL, NULL, NULL, '2025-03-03 00:59:51', '2025-03-03 00:59:51'),
(63, 229, 4, '0', NULL, NULL, NULL, NULL, NULL, NULL, NULL, NULL, NULL, NULL, NULL, NULL, NULL, NULL, NULL, NULL, NULL, NULL, NULL, NULL, NULL, NULL, 0, 0, 0, NULL, NULL, NULL, '2025-03-03 00:59:51', '2025-03-03 00:59:51'),
(64, 230, 4, '0', NULL, NULL, NULL, NULL, NULL, NULL, NULL, NULL, NULL, NULL, NULL, NULL, NULL, NULL, NULL, NULL, NULL, NULL, NULL, NULL, NULL, NULL, 0, 0, 0, NULL, NULL, NULL, '2025-03-03 00:59:52', '2025-03-03 00:59:52'),
(65, 231, 4, '0', NULL, NULL, NULL, NULL, NULL, NULL, NULL, NULL, NULL, NULL, NULL, NULL, NULL, NULL, NULL, NULL, NULL, NULL, NULL, NULL, NULL, NULL, 0, 0, 0, NULL, NULL, NULL, '2025-03-03 00:59:53', '2025-03-03 00:59:53'),
(66, 232, 4, '0', NULL, NULL, NULL, NULL, NULL, NULL, NULL, NULL, NULL, NULL, NULL, NULL, NULL, NULL, NULL, NULL, NULL, NULL, NULL, NULL, NULL, NULL, 0, 0, 0, NULL, NULL, NULL, '2025-03-03 00:59:54', '2025-03-03 00:59:54'),
(67, 233, 4, '0', NULL, NULL, NULL, NULL, NULL, NULL, NULL, NULL, NULL, NULL, NULL, NULL, NULL, NULL, NULL, NULL, NULL, NULL, NULL, NULL, NULL, NULL, 0, 0, 0, NULL, NULL, NULL, '2025-03-03 00:59:54', '2025-03-03 00:59:54'),
(68, 234, 4, '0', NULL, NULL, NULL, NULL, NULL, NULL, NULL, NULL, NULL, NULL, NULL, NULL, NULL, NULL, NULL, NULL, NULL, NULL, NULL, NULL, NULL, NULL, 0, 0, 0, NULL, NULL, NULL, '2025-03-03 00:59:54', '2025-03-03 00:59:54'),
(69, 235, 4, '0', NULL, NULL, NULL, NULL, NULL, NULL, NULL, NULL, NULL, NULL, NULL, NULL, NULL, NULL, NULL, NULL, NULL, NULL, NULL, NULL, NULL, NULL, 0, 0, 0, NULL, NULL, NULL, '2025-03-03 00:59:55', '2025-03-03 00:59:55'),
(70, 236, 4, '0', NULL, NULL, NULL, NULL, NULL, NULL, NULL, NULL, NULL, NULL, NULL, NULL, NULL, NULL, NULL, NULL, NULL, NULL, NULL, NULL, NULL, NULL, 0, 0, 0, NULL, NULL, NULL, '2025-03-03 00:59:56', '2025-03-03 00:59:56'),
(71, 286, 5, '42', NULL, NULL, NULL, NULL, NULL, NULL, NULL, NULL, NULL, NULL, NULL, NULL, NULL, NULL, NULL, NULL, NULL, NULL, NULL, NULL, NULL, NULL, 0, 0, 0, NULL, NULL, NULL, '2025-03-04 02:03:02', '2025-03-04 02:06:24'),
(72, 287, 5, '43', NULL, NULL, NULL, NULL, NULL, NULL, NULL, NULL, NULL, NULL, NULL, NULL, NULL, NULL, NULL, NULL, NULL, NULL, NULL, NULL, NULL, NULL, 0, 0, 0, NULL, NULL, NULL, '2025-03-04 02:03:02', '2025-03-04 02:09:07'),
(73, 288, 5, '0', NULL, NULL, NULL, NULL, NULL, NULL, NULL, NULL, NULL, NULL, NULL, NULL, NULL, NULL, NULL, NULL, NULL, NULL, NULL, NULL, NULL, NULL, 0, 0, 0, NULL, NULL, NULL, '2025-03-04 02:03:02', '2025-03-04 02:03:02'),
(74, 289, 5, '0', NULL, NULL, NULL, NULL, NULL, NULL, NULL, NULL, NULL, NULL, NULL, NULL, NULL, NULL, NULL, NULL, NULL, NULL, NULL, NULL, NULL, NULL, 0, 0, 0, NULL, NULL, NULL, '2025-03-04 02:03:02', '2025-03-04 02:03:02'),
(75, 286, NULL, NULL, NULL, NULL, NULL, NULL, 42.00, NULL, 86, NULL, NULL, NULL, NULL, 65.00, 93, 91, NULL, NULL, NULL, NULL, 75.00, 95, 94, 94, 0, 0, 0, NULL, NULL, NULL, '2025-03-04 02:03:02', '2025-03-04 02:11:34'),
(76, 288, NULL, NULL, NULL, NULL, NULL, NULL, 0.00, NULL, 65, NULL, NULL, NULL, NULL, 0.00, 65, 65, NULL, NULL, NULL, NULL, 0.00, 65, 65, 70, 0, 0, 0, NULL, NULL, 'WITHDRAW', '2025-03-04 02:03:02', '2025-03-04 02:11:35'),
(77, 287, NULL, NULL, NULL, NULL, NULL, NULL, 43.00, NULL, 88, NULL, NULL, NULL, NULL, 68.00, 97, 94, NULL, NULL, NULL, NULL, 71.00, 91, 92, 92, 0, 0, 0, NULL, NULL, NULL, '2025-03-04 02:03:02', '2025-03-04 02:11:35'),
(78, 290, 5, '0', NULL, NULL, NULL, NULL, NULL, NULL, NULL, NULL, NULL, NULL, NULL, NULL, NULL, NULL, NULL, NULL, NULL, NULL, NULL, NULL, NULL, NULL, 0, 0, 0, NULL, NULL, NULL, '2025-03-04 02:03:02', '2025-03-04 02:03:02'),
(79, 291, 5, '0', NULL, NULL, NULL, NULL, NULL, NULL, NULL, NULL, NULL, NULL, NULL, NULL, NULL, NULL, NULL, NULL, NULL, NULL, NULL, NULL, NULL, NULL, 0, 0, 0, NULL, NULL, NULL, '2025-03-04 02:03:02', '2025-03-04 02:03:02'),
(80, 289, NULL, NULL, NULL, NULL, NULL, NULL, 0.00, NULL, 65, NULL, NULL, NULL, NULL, 0.00, 65, 65, NULL, NULL, NULL, NULL, 0.00, 65, 65, 70, 0, 0, 0, NULL, NULL, 'WITHDRAW', '2025-03-04 02:03:02', '2025-03-04 02:11:36'),
(81, 290, NULL, NULL, NULL, NULL, NULL, NULL, 0.00, NULL, 65, NULL, NULL, NULL, NULL, 0.00, 65, 65, NULL, NULL, NULL, NULL, 0.00, 65, 65, 70, 0, 0, 0, NULL, NULL, 'WITHDRAW', '2025-03-04 02:03:03', '2025-03-04 02:11:36'),
(82, 291, NULL, NULL, NULL, NULL, NULL, NULL, 0.00, NULL, 65, NULL, NULL, NULL, NULL, 0.00, 65, 65, NULL, NULL, NULL, NULL, 0.00, 65, 65, 70, 0, 0, 0, NULL, NULL, 'INC', '2025-03-04 02:03:03', '2025-03-04 02:11:36'),
(83, 293, 5, '0', NULL, NULL, NULL, NULL, NULL, NULL, NULL, NULL, NULL, NULL, NULL, NULL, NULL, NULL, NULL, NULL, NULL, NULL, NULL, NULL, NULL, NULL, 0, 0, 0, NULL, NULL, NULL, '2025-03-04 02:03:03', '2025-03-04 02:03:03'),
(84, 296, 5, '0', NULL, NULL, NULL, NULL, NULL, NULL, NULL, NULL, NULL, NULL, NULL, NULL, NULL, NULL, NULL, NULL, NULL, NULL, NULL, NULL, NULL, NULL, 0, 0, 0, NULL, NULL, NULL, '2025-03-04 02:03:03', '2025-03-04 02:03:03'),
(85, 295, 5, '0', NULL, NULL, NULL, NULL, NULL, NULL, NULL, NULL, NULL, NULL, NULL, NULL, NULL, NULL, NULL, NULL, NULL, NULL, NULL, NULL, NULL, NULL, 0, 0, 0, NULL, NULL, NULL, '2025-03-04 02:03:03', '2025-03-04 02:03:03'),
(86, 292, 5, '0', NULL, NULL, NULL, NULL, NULL, NULL, NULL, NULL, NULL, NULL, NULL, NULL, NULL, NULL, NULL, NULL, NULL, NULL, NULL, NULL, NULL, NULL, 0, 0, 0, NULL, NULL, NULL, '2025-03-04 02:03:03', '2025-03-04 02:03:03'),
(87, 297, 5, '0', NULL, NULL, NULL, NULL, NULL, NULL, NULL, NULL, NULL, NULL, NULL, NULL, NULL, NULL, NULL, NULL, NULL, NULL, NULL, NULL, NULL, NULL, 0, 0, 0, NULL, NULL, NULL, '2025-03-04 02:03:03', '2025-03-04 02:03:03'),
(88, 293, NULL, NULL, NULL, NULL, NULL, NULL, 0.00, NULL, 65, NULL, NULL, NULL, NULL, 0.00, 65, 65, NULL, NULL, NULL, NULL, 0.00, 65, 65, 70, 0, 0, 0, NULL, NULL, 'NFE', '2025-03-04 02:03:03', '2025-03-04 02:11:37'),
(89, 292, NULL, NULL, NULL, NULL, NULL, NULL, 0.00, NULL, 65, NULL, NULL, NULL, NULL, 0.00, 65, 65, NULL, NULL, NULL, NULL, 0.00, 65, 65, 70, 0, 0, 0, NULL, NULL, 'INC', '2025-03-04 02:03:03', '2025-03-04 02:11:36'),
(90, 296, NULL, NULL, NULL, NULL, NULL, NULL, 0.00, NULL, 65, NULL, NULL, NULL, NULL, 0.00, 65, 65, NULL, NULL, NULL, NULL, 0.00, 65, 65, 70, 0, 0, 0, NULL, NULL, NULL, '2025-03-04 02:03:03', '2025-03-04 02:11:38'),
(91, 295, NULL, NULL, NULL, NULL, NULL, NULL, 0.00, NULL, 65, NULL, NULL, NULL, NULL, 0.00, 65, 65, NULL, NULL, NULL, NULL, 0.00, 65, 65, 70, 0, 0, 0, NULL, NULL, NULL, '2025-03-04 02:03:03', '2025-03-04 02:11:38'),
(92, 297, NULL, NULL, NULL, NULL, NULL, NULL, 0.00, NULL, 65, NULL, NULL, NULL, NULL, 0.00, 65, 65, NULL, NULL, NULL, NULL, 0.00, 65, 65, 70, 0, 0, 0, NULL, NULL, NULL, '2025-03-04 02:03:03', '2025-03-04 02:11:39'),
(93, 298, 5, '0', NULL, NULL, NULL, NULL, NULL, NULL, NULL, NULL, NULL, NULL, NULL, NULL, NULL, NULL, NULL, NULL, NULL, NULL, NULL, NULL, NULL, NULL, 0, 0, 0, NULL, NULL, NULL, '2025-03-04 02:03:04', '2025-03-04 02:03:04'),
(94, 302, 5, '0', NULL, NULL, NULL, NULL, NULL, NULL, NULL, NULL, NULL, NULL, NULL, NULL, NULL, NULL, NULL, NULL, NULL, NULL, NULL, NULL, NULL, NULL, 0, 0, 0, NULL, NULL, NULL, '2025-03-04 02:03:04', '2025-03-04 02:03:04'),
(95, 299, 5, '0', NULL, NULL, NULL, NULL, NULL, NULL, NULL, NULL, NULL, NULL, NULL, NULL, NULL, NULL, NULL, NULL, NULL, NULL, NULL, NULL, NULL, NULL, 0, 0, 0, NULL, NULL, NULL, '2025-03-04 02:03:04', '2025-03-04 02:03:04'),
(96, 294, 5, '0', NULL, NULL, NULL, NULL, NULL, NULL, NULL, NULL, NULL, NULL, NULL, NULL, NULL, NULL, NULL, NULL, NULL, NULL, NULL, NULL, NULL, NULL, 0, 0, 0, NULL, NULL, NULL, '2025-03-04 02:03:04', '2025-03-04 02:03:04'),
(97, 301, 5, '0', NULL, NULL, NULL, NULL, NULL, NULL, NULL, NULL, NULL, NULL, NULL, NULL, NULL, NULL, NULL, NULL, NULL, NULL, NULL, NULL, NULL, NULL, 0, 0, 0, NULL, NULL, NULL, '2025-03-04 02:03:04', '2025-03-04 02:03:04'),
(98, 300, 5, '0', NULL, NULL, NULL, NULL, NULL, NULL, NULL, NULL, NULL, NULL, NULL, NULL, NULL, NULL, NULL, NULL, NULL, NULL, NULL, NULL, NULL, NULL, 0, 0, 0, NULL, NULL, NULL, '2025-03-04 02:03:04', '2025-03-04 02:03:04'),
(99, 298, NULL, NULL, NULL, NULL, NULL, NULL, 0.00, NULL, 65, NULL, NULL, NULL, NULL, 0.00, 65, 65, NULL, NULL, NULL, NULL, 0.00, 65, 65, 70, 0, 0, 0, NULL, NULL, NULL, '2025-03-04 02:03:04', '2025-03-04 02:11:40'),
(100, 299, NULL, NULL, NULL, NULL, NULL, NULL, 0.00, NULL, 65, NULL, NULL, NULL, NULL, 0.00, 65, 65, NULL, NULL, NULL, NULL, 0.00, 65, 65, 70, 0, 0, 0, NULL, NULL, NULL, '2025-03-04 02:03:04', '2025-03-04 02:11:40'),
(101, 302, NULL, NULL, NULL, NULL, NULL, NULL, 0.00, NULL, 65, NULL, NULL, NULL, NULL, 0.00, 65, 65, NULL, NULL, NULL, NULL, 0.00, 65, 65, 70, 0, 0, 0, NULL, NULL, NULL, '2025-03-04 02:03:04', '2025-03-04 02:11:41'),
(102, 301, NULL, NULL, NULL, NULL, NULL, NULL, 0.00, NULL, 65, NULL, NULL, NULL, NULL, 0.00, 65, 65, NULL, NULL, NULL, NULL, 0.00, 65, 65, 70, 0, 0, 0, NULL, NULL, NULL, '2025-03-04 02:03:04', '2025-03-04 02:11:41'),
(103, 294, NULL, NULL, NULL, NULL, NULL, NULL, 0.00, NULL, 65, NULL, NULL, NULL, NULL, 0.00, 65, 65, NULL, NULL, NULL, NULL, 0.00, 65, 65, 70, 0, 0, 0, NULL, NULL, NULL, '2025-03-04 02:03:04', '2025-03-04 02:11:38'),
(104, 300, NULL, NULL, NULL, NULL, NULL, NULL, 0.00, NULL, 65, NULL, NULL, NULL, NULL, 0.00, 65, 65, NULL, NULL, NULL, NULL, 0.00, 65, 65, 70, 0, 0, 0, NULL, NULL, NULL, '2025-03-04 02:03:04', '2025-03-04 02:11:40'),
(105, 303, 5, '0', NULL, NULL, NULL, NULL, NULL, NULL, NULL, NULL, NULL, NULL, NULL, NULL, NULL, NULL, NULL, NULL, NULL, NULL, NULL, NULL, NULL, NULL, 0, 0, 0, NULL, NULL, NULL, '2025-03-04 02:03:05', '2025-03-04 02:03:05'),
(106, 303, NULL, NULL, NULL, NULL, NULL, NULL, 0.00, NULL, 65, NULL, NULL, NULL, NULL, 0.00, 65, 65, NULL, NULL, NULL, NULL, 0.00, 65, 65, 70, 0, 0, 0, NULL, NULL, NULL, '2025-03-04 02:03:05', '2025-03-04 02:11:41'),
(107, 286, 6, '65', NULL, NULL, NULL, NULL, NULL, NULL, NULL, NULL, NULL, NULL, NULL, NULL, NULL, NULL, NULL, NULL, NULL, NULL, NULL, NULL, NULL, NULL, 0, 0, 0, NULL, NULL, NULL, '2025-03-04 02:03:21', '2025-03-04 02:06:28'),
(108, 287, 6, '68', NULL, NULL, NULL, NULL, NULL, NULL, NULL, NULL, NULL, NULL, NULL, NULL, NULL, NULL, NULL, NULL, NULL, NULL, NULL, NULL, NULL, NULL, 0, 0, 0, NULL, NULL, NULL, '2025-03-04 02:03:21', '2025-03-04 02:09:13'),
(109, 288, 6, '0', NULL, NULL, NULL, NULL, NULL, NULL, NULL, NULL, NULL, NULL, NULL, NULL, NULL, NULL, NULL, NULL, NULL, NULL, NULL, NULL, NULL, NULL, 0, 0, 0, NULL, NULL, NULL, '2025-03-04 02:03:21', '2025-03-04 02:03:21'),
(110, 289, 6, '0', NULL, NULL, NULL, NULL, NULL, NULL, NULL, NULL, NULL, NULL, NULL, NULL, NULL, NULL, NULL, NULL, NULL, NULL, NULL, NULL, NULL, NULL, 0, 0, 0, NULL, NULL, NULL, '2025-03-04 02:03:22', '2025-03-04 02:03:22'),
(111, 290, 6, '0', NULL, NULL, NULL, NULL, NULL, NULL, NULL, NULL, NULL, NULL, NULL, NULL, NULL, NULL, NULL, NULL, NULL, NULL, NULL, NULL, NULL, NULL, 0, 0, 0, NULL, NULL, NULL, '2025-03-04 02:03:22', '2025-03-04 02:03:22'),
(112, 291, 6, '0', NULL, NULL, NULL, NULL, NULL, NULL, NULL, NULL, NULL, NULL, NULL, NULL, NULL, NULL, NULL, NULL, NULL, NULL, NULL, NULL, NULL, NULL, 0, 0, 0, NULL, NULL, NULL, '2025-03-04 02:03:22', '2025-03-04 02:03:22'),
(113, 292, 6, '0', NULL, NULL, NULL, NULL, NULL, NULL, NULL, NULL, NULL, NULL, NULL, NULL, NULL, NULL, NULL, NULL, NULL, NULL, NULL, NULL, NULL, NULL, 0, 0, 0, NULL, NULL, NULL, '2025-03-04 02:03:23', '2025-03-04 02:03:23'),
(114, 294, 6, '0', NULL, NULL, NULL, NULL, NULL, NULL, NULL, NULL, NULL, NULL, NULL, NULL, NULL, NULL, NULL, NULL, NULL, NULL, NULL, NULL, NULL, NULL, 0, 0, 0, NULL, NULL, NULL, '2025-03-04 02:03:23', '2025-03-04 02:03:23'),
(115, 293, 6, '0', NULL, NULL, NULL, NULL, NULL, NULL, NULL, NULL, NULL, NULL, NULL, NULL, NULL, NULL, NULL, NULL, NULL, NULL, NULL, NULL, NULL, NULL, 0, 0, 0, NULL, NULL, NULL, '2025-03-04 02:03:23', '2025-03-04 02:03:23'),
(116, 296, 6, '0', NULL, NULL, NULL, NULL, NULL, NULL, NULL, NULL, NULL, NULL, NULL, NULL, NULL, NULL, NULL, NULL, NULL, NULL, NULL, NULL, NULL, NULL, 0, 0, 0, NULL, NULL, NULL, '2025-03-04 02:03:24', '2025-03-04 02:03:24'),
(117, 295, 6, '0', NULL, NULL, NULL, NULL, NULL, NULL, NULL, NULL, NULL, NULL, NULL, NULL, NULL, NULL, NULL, NULL, NULL, NULL, NULL, NULL, NULL, NULL, 0, 0, 0, NULL, NULL, NULL, '2025-03-04 02:03:24', '2025-03-04 02:03:24'),
(118, 297, 6, '0', NULL, NULL, NULL, NULL, NULL, NULL, NULL, NULL, NULL, NULL, NULL, NULL, NULL, NULL, NULL, NULL, NULL, NULL, NULL, NULL, NULL, NULL, 0, 0, 0, NULL, NULL, NULL, '2025-03-04 02:03:24', '2025-03-04 02:03:24'),
(119, 298, 6, '0', NULL, NULL, NULL, NULL, NULL, NULL, NULL, NULL, NULL, NULL, NULL, NULL, NULL, NULL, NULL, NULL, NULL, NULL, NULL, NULL, NULL, NULL, 0, 0, 0, NULL, NULL, NULL, '2025-03-04 02:03:25', '2025-03-04 02:03:25'),
(120, 299, 6, '0', NULL, NULL, NULL, NULL, NULL, NULL, NULL, NULL, NULL, NULL, NULL, NULL, NULL, NULL, NULL, NULL, NULL, NULL, NULL, NULL, NULL, NULL, 0, 0, 0, NULL, NULL, NULL, '2025-03-04 02:03:26', '2025-03-04 02:03:26'),
(121, 302, 6, '0', NULL, NULL, NULL, NULL, NULL, NULL, NULL, NULL, NULL, NULL, NULL, NULL, NULL, NULL, NULL, NULL, NULL, NULL, NULL, NULL, NULL, NULL, 0, 0, 0, NULL, NULL, NULL, '2025-03-04 02:03:27', '2025-03-04 02:03:27'),
(122, 300, 6, '0', NULL, NULL, NULL, NULL, NULL, NULL, NULL, NULL, NULL, NULL, NULL, NULL, NULL, NULL, NULL, NULL, NULL, NULL, NULL, NULL, NULL, NULL, 0, 0, 0, NULL, NULL, NULL, '2025-03-04 02:03:27', '2025-03-04 02:03:27'),
(123, 301, 6, '0', NULL, NULL, NULL, NULL, NULL, NULL, NULL, NULL, NULL, NULL, NULL, NULL, NULL, NULL, NULL, NULL, NULL, NULL, NULL, NULL, NULL, NULL, 0, 0, 0, NULL, NULL, NULL, '2025-03-04 02:03:28', '2025-03-04 02:03:28'),
(124, 303, 6, '0', NULL, NULL, NULL, NULL, NULL, NULL, NULL, NULL, NULL, NULL, NULL, NULL, NULL, NULL, NULL, NULL, NULL, NULL, NULL, NULL, NULL, NULL, 0, 0, 0, NULL, NULL, NULL, '2025-03-04 02:03:28', '2025-03-04 02:03:28'),
(125, 286, 7, '75', NULL, NULL, NULL, NULL, NULL, NULL, NULL, NULL, NULL, NULL, NULL, NULL, NULL, NULL, NULL, NULL, NULL, NULL, NULL, NULL, NULL, NULL, 0, 0, 0, NULL, NULL, NULL, '2025-03-04 02:03:41', '2025-03-04 02:06:33'),
(126, 287, 7, '71', NULL, NULL, NULL, NULL, NULL, NULL, NULL, NULL, NULL, NULL, NULL, NULL, NULL, NULL, NULL, NULL, NULL, NULL, NULL, NULL, NULL, NULL, 0, 0, 0, NULL, NULL, NULL, '2025-03-04 02:03:41', '2025-03-04 02:09:20'),
(127, 288, 7, '0', NULL, NULL, NULL, NULL, NULL, NULL, NULL, NULL, NULL, NULL, NULL, NULL, NULL, NULL, NULL, NULL, NULL, NULL, NULL, NULL, NULL, NULL, 0, 0, 0, NULL, NULL, NULL, '2025-03-04 02:03:42', '2025-03-04 02:03:42'),
(128, 289, 7, '0', NULL, NULL, NULL, NULL, NULL, NULL, NULL, NULL, NULL, NULL, NULL, NULL, NULL, NULL, NULL, NULL, NULL, NULL, NULL, NULL, NULL, NULL, 0, 0, 0, NULL, NULL, NULL, '2025-03-04 02:03:43', '2025-03-04 02:03:43'),
(129, 290, 7, '0', NULL, NULL, NULL, NULL, NULL, NULL, NULL, NULL, NULL, NULL, NULL, NULL, NULL, NULL, NULL, NULL, NULL, NULL, NULL, NULL, NULL, NULL, 0, 0, 0, NULL, NULL, NULL, '2025-03-04 02:03:44', '2025-03-04 02:03:44'),
(130, 291, 7, '0', NULL, NULL, NULL, NULL, NULL, NULL, NULL, NULL, NULL, NULL, NULL, NULL, NULL, NULL, NULL, NULL, NULL, NULL, NULL, NULL, NULL, NULL, 0, 0, 0, NULL, NULL, NULL, '2025-03-04 02:03:45', '2025-03-04 02:03:45'),
(131, 292, 7, '0', NULL, NULL, NULL, NULL, NULL, NULL, NULL, NULL, NULL, NULL, NULL, NULL, NULL, NULL, NULL, NULL, NULL, NULL, NULL, NULL, NULL, NULL, 0, 0, 0, NULL, NULL, NULL, '2025-03-04 02:03:45', '2025-03-04 02:03:45'),
(132, 294, 7, '0', NULL, NULL, NULL, NULL, NULL, NULL, NULL, NULL, NULL, NULL, NULL, NULL, NULL, NULL, NULL, NULL, NULL, NULL, NULL, NULL, NULL, NULL, 0, 0, 0, NULL, NULL, NULL, '2025-03-04 02:03:46', '2025-03-04 02:03:46'),
(133, 296, 7, '0', NULL, NULL, NULL, NULL, NULL, NULL, NULL, NULL, NULL, NULL, NULL, NULL, NULL, NULL, NULL, NULL, NULL, NULL, NULL, NULL, NULL, NULL, 0, 0, 0, NULL, NULL, NULL, '2025-03-04 02:03:48', '2025-03-04 02:03:48'),
(134, 295, 7, '0', NULL, NULL, NULL, NULL, NULL, NULL, NULL, NULL, NULL, NULL, NULL, NULL, NULL, NULL, NULL, NULL, NULL, NULL, NULL, NULL, NULL, NULL, 0, 0, 0, NULL, NULL, NULL, '2025-03-04 02:03:48', '2025-03-04 02:03:48'),
(135, 297, 7, '0', NULL, NULL, NULL, NULL, NULL, NULL, NULL, NULL, NULL, NULL, NULL, NULL, NULL, NULL, NULL, NULL, NULL, NULL, NULL, NULL, NULL, NULL, 0, 0, 0, NULL, NULL, NULL, '2025-03-04 02:03:49', '2025-03-04 02:03:49'),
(136, 298, 7, '0', NULL, NULL, NULL, NULL, NULL, NULL, NULL, NULL, NULL, NULL, NULL, NULL, NULL, NULL, NULL, NULL, NULL, NULL, NULL, NULL, NULL, NULL, 0, 0, 0, NULL, NULL, NULL, '2025-03-04 02:03:49', '2025-03-04 02:03:49'),
(137, 299, 7, '0', NULL, NULL, NULL, NULL, NULL, NULL, NULL, NULL, NULL, NULL, NULL, NULL, NULL, NULL, NULL, NULL, NULL, NULL, NULL, NULL, NULL, NULL, 0, 0, 0, NULL, NULL, NULL, '2025-03-04 02:03:49', '2025-03-04 02:03:49'),
(138, 300, 7, '0', NULL, NULL, NULL, NULL, NULL, NULL, NULL, NULL, NULL, NULL, NULL, NULL, NULL, NULL, NULL, NULL, NULL, NULL, NULL, NULL, NULL, NULL, 0, 0, 0, NULL, NULL, NULL, '2025-03-04 02:03:50', '2025-03-04 02:03:50'),
(139, 302, 7, '0', NULL, NULL, NULL, NULL, NULL, NULL, NULL, NULL, NULL, NULL, NULL, NULL, NULL, NULL, NULL, NULL, NULL, NULL, NULL, NULL, NULL, NULL, 0, 0, 0, NULL, NULL, NULL, '2025-03-04 02:03:51', '2025-03-04 02:03:51'),
(140, 301, 7, '0', NULL, NULL, NULL, NULL, NULL, NULL, NULL, NULL, NULL, NULL, NULL, NULL, NULL, NULL, NULL, NULL, NULL, NULL, NULL, NULL, NULL, NULL, 0, 0, 0, NULL, NULL, NULL, '2025-03-04 02:03:51', '2025-03-04 02:03:51'),
(141, 303, 7, '0', NULL, NULL, NULL, NULL, NULL, NULL, NULL, NULL, NULL, NULL, NULL, NULL, NULL, NULL, NULL, NULL, NULL, NULL, NULL, NULL, NULL, NULL, 0, 0, 0, NULL, NULL, NULL, '2025-03-04 02:03:51', '2025-03-04 02:03:51'),
(142, 293, 7, '0', NULL, NULL, NULL, NULL, NULL, NULL, NULL, NULL, NULL, NULL, NULL, NULL, NULL, NULL, NULL, NULL, NULL, NULL, NULL, NULL, NULL, NULL, 0, 0, 0, NULL, NULL, NULL, '2025-03-04 02:06:43', '2025-03-04 02:06:43'),
(143, 62, 8, '34', NULL, NULL, NULL, NULL, NULL, NULL, NULL, NULL, NULL, NULL, NULL, NULL, NULL, NULL, NULL, NULL, NULL, NULL, NULL, NULL, NULL, NULL, 0, 0, 0, NULL, NULL, NULL, '2025-03-04 19:00:35', '2025-03-04 19:04:47'),
(144, 64, 8, '0', NULL, NULL, NULL, NULL, NULL, NULL, NULL, NULL, NULL, NULL, NULL, NULL, NULL, NULL, NULL, NULL, NULL, NULL, NULL, NULL, NULL, NULL, 0, 0, 0, NULL, NULL, NULL, '2025-03-04 19:00:35', '2025-03-04 19:00:35'),
(145, 63, 8, '0', NULL, NULL, NULL, NULL, NULL, NULL, NULL, NULL, NULL, NULL, NULL, NULL, NULL, NULL, NULL, NULL, NULL, NULL, NULL, NULL, NULL, NULL, 0, 0, 0, NULL, NULL, NULL, '2025-03-04 19:00:35', '2025-03-04 19:00:35'),
(146, 61, 8, '45', NULL, NULL, NULL, NULL, NULL, NULL, NULL, NULL, NULL, NULL, NULL, NULL, NULL, NULL, NULL, NULL, NULL, NULL, NULL, NULL, NULL, NULL, 0, 0, 0, NULL, NULL, NULL, '2025-03-04 19:00:35', '2025-03-04 19:01:13'),
(147, 65, 8, '0', NULL, NULL, NULL, NULL, NULL, NULL, NULL, NULL, NULL, NULL, NULL, NULL, NULL, NULL, NULL, NULL, NULL, NULL, NULL, NULL, NULL, NULL, 0, 0, 0, NULL, NULL, NULL, '2025-03-04 19:00:35', '2025-03-04 19:00:35'),
(148, 66, 8, '0', NULL, NULL, NULL, NULL, NULL, NULL, NULL, NULL, NULL, NULL, NULL, NULL, NULL, NULL, NULL, NULL, NULL, NULL, NULL, NULL, NULL, NULL, 0, 0, 0, NULL, NULL, NULL, '2025-03-04 19:00:35', '2025-03-04 19:00:35'),
(149, 62, NULL, NULL, NULL, NULL, NULL, NULL, 34.00, NULL, 68, NULL, NULL, NULL, NULL, 70.00, 72, 71, NULL, NULL, NULL, NULL, 108.00, 74, 73, 73, 0, 0, 0, NULL, NULL, 'DEFAULT', '2025-03-04 19:00:35', '2025-03-06 17:21:26'),
(150, 66, NULL, NULL, NULL, NULL, NULL, NULL, 0.00, NULL, 65, NULL, NULL, NULL, NULL, 0.00, 65, 65, NULL, NULL, NULL, NULL, 0.00, 65, 65, 70, 0, 0, 0, NULL, NULL, 'DEFAULT', '2025-03-04 19:00:36', '2025-03-06 17:21:44'),
(151, 64, NULL, NULL, NULL, NULL, NULL, NULL, 0.00, NULL, 65, NULL, NULL, NULL, NULL, 0.00, 65, 65, NULL, NULL, NULL, NULL, 0.00, 65, 65, 70, 0, 0, 0, NULL, NULL, NULL, '2025-03-04 19:00:36', '2025-03-06 17:21:33'),
(152, 65, NULL, NULL, NULL, NULL, NULL, NULL, 0.00, NULL, 65, NULL, NULL, NULL, NULL, 0.00, 65, 65, NULL, NULL, NULL, NULL, 0.00, 65, 65, 70, 0, 0, 0, NULL, NULL, 'DEFAULT', '2025-03-04 19:00:36', '2025-03-06 17:21:42'),
(153, 63, NULL, NULL, NULL, NULL, NULL, NULL, 0.00, NULL, 65, NULL, NULL, NULL, NULL, 0.00, 65, 65, NULL, NULL, NULL, NULL, 0.00, 65, 65, 70, 0, 0, 0, NULL, NULL, 'OD', '2025-03-04 19:00:36', '2025-03-06 17:21:31'),
(154, 61, NULL, NULL, NULL, NULL, NULL, NULL, 45.00, NULL, 69, NULL, NULL, NULL, NULL, 75.00, 73, 72, NULL, NULL, NULL, NULL, 127.00, 81, 78, 79, 0, 0, 0, NULL, NULL, 'DEFAULT', '2025-03-04 19:00:36', '2025-03-06 17:21:25'),
(155, 68, 8, '0', NULL, NULL, NULL, NULL, NULL, NULL, NULL, NULL, NULL, NULL, NULL, NULL, NULL, NULL, NULL, NULL, NULL, NULL, NULL, NULL, NULL, NULL, 0, 0, 0, NULL, NULL, NULL, '2025-03-04 19:00:36', '2025-03-04 19:00:36'),
(156, 67, 8, '0', NULL, NULL, NULL, NULL, NULL, NULL, NULL, NULL, NULL, NULL, NULL, NULL, NULL, NULL, NULL, NULL, NULL, NULL, NULL, NULL, NULL, NULL, 0, 0, 0, NULL, NULL, NULL, '2025-03-04 19:00:36', '2025-03-04 19:00:36'),
(157, 70, 8, '0', NULL, NULL, NULL, NULL, NULL, NULL, NULL, NULL, NULL, NULL, NULL, NULL, NULL, NULL, NULL, NULL, NULL, NULL, NULL, NULL, NULL, NULL, 0, 0, 0, NULL, NULL, NULL, '2025-03-04 19:00:36', '2025-03-04 19:00:36'),
(158, 69, 8, '0', NULL, NULL, NULL, NULL, NULL, NULL, NULL, NULL, NULL, NULL, NULL, NULL, NULL, NULL, NULL, NULL, NULL, NULL, NULL, NULL, NULL, NULL, 0, 0, 0, NULL, NULL, NULL, '2025-03-04 19:00:37', '2025-03-04 19:00:37'),
(159, 71, 8, '0', NULL, NULL, NULL, NULL, NULL, NULL, NULL, NULL, NULL, NULL, NULL, NULL, NULL, NULL, NULL, NULL, NULL, NULL, NULL, NULL, NULL, NULL, 0, 0, 0, NULL, NULL, NULL, '2025-03-04 19:00:37', '2025-03-04 19:00:37'),
(160, 72, 8, '0', NULL, NULL, NULL, NULL, NULL, NULL, NULL, NULL, NULL, NULL, NULL, NULL, NULL, NULL, NULL, NULL, NULL, NULL, NULL, NULL, NULL, NULL, 0, 0, 0, NULL, NULL, NULL, '2025-03-04 19:00:37', '2025-03-04 19:00:37'),
(161, 68, NULL, NULL, NULL, NULL, NULL, NULL, 0.00, NULL, 65, NULL, NULL, NULL, NULL, 0.00, 65, 65, NULL, NULL, NULL, NULL, 0.00, 65, 65, 70, 0, 0, 0, NULL, NULL, 'NFE', '2025-03-04 19:00:37', '2025-03-06 17:21:47'),
(162, 69, NULL, NULL, NULL, NULL, NULL, NULL, 0.00, NULL, 65, NULL, NULL, NULL, NULL, 0.00, 65, 65, NULL, NULL, NULL, NULL, 0.00, 65, 65, 70, 0, 0, 0, NULL, NULL, 'INC', '2025-03-04 19:00:37', '2025-03-06 17:21:48'),
(163, 67, NULL, NULL, NULL, NULL, NULL, NULL, 0.00, NULL, 65, NULL, NULL, NULL, NULL, 0.00, 65, 65, NULL, NULL, NULL, NULL, 0.00, 65, 65, 70, 0, 0, 0, NULL, NULL, 'WITHDRAW', '2025-03-04 19:00:37', '2025-03-06 17:21:46'),
(164, 71, NULL, NULL, NULL, NULL, NULL, NULL, 0.00, NULL, 65, NULL, NULL, NULL, NULL, 0.00, 65, 65, NULL, NULL, NULL, NULL, 0.00, 65, 65, 70, 0, 0, 0, NULL, NULL, NULL, '2025-03-04 19:00:37', '2025-03-06 17:21:51'),
(165, 72, NULL, NULL, NULL, NULL, NULL, NULL, 0.00, NULL, 65, NULL, NULL, NULL, NULL, 0.00, 65, 65, NULL, NULL, NULL, NULL, 0.00, 65, 65, 70, 0, 0, 0, NULL, NULL, NULL, '2025-03-04 19:00:37', '2025-03-06 17:21:52'),
(166, 70, NULL, NULL, NULL, NULL, NULL, NULL, 0.00, NULL, 65, NULL, NULL, NULL, NULL, 0.00, 65, 65, NULL, NULL, NULL, NULL, 0.00, 65, 65, 70, 0, 0, 0, NULL, NULL, NULL, '2025-03-04 19:00:37', '2025-03-06 17:21:50'),
(167, 73, 8, '0', NULL, NULL, NULL, NULL, NULL, NULL, NULL, NULL, NULL, NULL, NULL, NULL, NULL, NULL, NULL, NULL, NULL, NULL, NULL, NULL, NULL, NULL, 0, 0, 0, NULL, NULL, NULL, '2025-03-04 19:00:37', '2025-03-04 19:00:37'),
(168, 73, NULL, NULL, NULL, NULL, NULL, NULL, 0.00, NULL, 65, NULL, NULL, NULL, NULL, 0.00, 65, 65, NULL, NULL, NULL, NULL, 0.00, 65, 65, 70, 0, 0, 0, NULL, NULL, NULL, '2025-03-04 19:00:38', '2025-03-06 17:21:53'),
(169, 76, 8, '0', NULL, NULL, NULL, NULL, NULL, NULL, NULL, NULL, NULL, NULL, NULL, NULL, NULL, NULL, NULL, NULL, NULL, NULL, NULL, NULL, NULL, NULL, 0, 0, 0, NULL, NULL, NULL, '2025-03-04 19:00:38', '2025-03-04 19:00:38'),
(170, 74, 8, '0', NULL, NULL, NULL, NULL, NULL, NULL, NULL, NULL, NULL, NULL, NULL, NULL, NULL, NULL, NULL, NULL, NULL, NULL, NULL, NULL, NULL, NULL, 0, 0, 0, NULL, NULL, NULL, '2025-03-04 19:00:38', '2025-03-04 19:00:38'),
(171, 75, 8, '0', NULL, NULL, NULL, NULL, NULL, NULL, NULL, NULL, NULL, NULL, NULL, NULL, NULL, NULL, NULL, NULL, NULL, NULL, NULL, NULL, NULL, NULL, 0, 0, 0, NULL, NULL, NULL, '2025-03-04 19:00:38', '2025-03-04 19:00:38'),
(172, 77, 8, '0', NULL, NULL, NULL, NULL, NULL, NULL, NULL, NULL, NULL, NULL, NULL, NULL, NULL, NULL, NULL, NULL, NULL, NULL, NULL, NULL, NULL, NULL, 0, 0, 0, NULL, NULL, NULL, '2025-03-04 19:00:38', '2025-03-04 19:00:38'),
(173, 76, NULL, NULL, NULL, NULL, NULL, NULL, 0.00, NULL, 65, NULL, NULL, NULL, NULL, 0.00, 65, 65, NULL, NULL, NULL, NULL, 0.00, 65, 65, 70, 0, 0, 0, NULL, NULL, NULL, '2025-03-04 19:00:38', '2025-03-06 17:21:57'),
(174, 74, NULL, NULL, NULL, NULL, NULL, NULL, 0.00, NULL, 65, NULL, NULL, NULL, NULL, 0.00, 65, 65, NULL, NULL, NULL, NULL, 0.00, 65, 65, 70, 0, 0, 0, NULL, NULL, NULL, '2025-03-04 19:00:38', '2025-03-06 17:21:55'),
(175, 75, NULL, NULL, NULL, NULL, NULL, NULL, 0.00, NULL, 65, NULL, NULL, NULL, NULL, 0.00, 65, 65, NULL, NULL, NULL, NULL, 0.00, 65, 65, 70, 0, 0, 0, NULL, NULL, NULL, '2025-03-04 19:00:38', '2025-03-06 17:21:56'),
(176, 77, NULL, NULL, NULL, NULL, NULL, NULL, 0.00, NULL, 65, NULL, NULL, NULL, NULL, 0.00, 65, 65, NULL, NULL, NULL, NULL, 0.00, 65, 65, 70, 0, 0, 0, NULL, NULL, NULL, '2025-03-04 19:00:38', '2025-03-06 17:21:58'),
(177, 78, 8, '0', NULL, NULL, NULL, NULL, NULL, NULL, NULL, NULL, NULL, NULL, NULL, NULL, NULL, NULL, NULL, NULL, NULL, NULL, NULL, NULL, NULL, NULL, 0, 0, 0, NULL, NULL, NULL, '2025-03-04 19:00:38', '2025-03-04 19:00:38'),
(178, 78, NULL, NULL, NULL, NULL, NULL, NULL, 0.00, NULL, 65, NULL, NULL, NULL, NULL, 0.00, 65, 65, NULL, NULL, NULL, NULL, 0.00, 65, 65, 70, 0, 0, 0, NULL, NULL, NULL, '2025-03-04 19:00:39', '2025-03-06 17:22:00'),
(179, 79, 8, '0', NULL, NULL, NULL, NULL, NULL, NULL, NULL, NULL, NULL, NULL, NULL, NULL, NULL, NULL, NULL, NULL, NULL, NULL, NULL, NULL, NULL, NULL, 0, 0, 0, NULL, NULL, NULL, '2025-03-04 19:00:38', '2025-03-04 19:00:38'),
(180, 79, NULL, NULL, NULL, NULL, NULL, NULL, 0.00, NULL, 65, NULL, NULL, NULL, NULL, 0.00, 65, 65, NULL, NULL, NULL, NULL, 0.00, 65, 65, 70, 0, 0, 0, NULL, NULL, NULL, '2025-03-04 19:00:39', '2025-03-06 17:22:02'),
(181, 80, 8, '0', NULL, NULL, NULL, NULL, NULL, NULL, NULL, NULL, NULL, NULL, NULL, NULL, NULL, NULL, NULL, NULL, NULL, NULL, NULL, NULL, NULL, NULL, 0, 0, 0, NULL, NULL, NULL, '2025-03-04 19:00:40', '2025-03-04 19:00:40'),
(182, 80, NULL, NULL, NULL, NULL, NULL, NULL, 0.00, NULL, 65, NULL, NULL, NULL, NULL, 0.00, 65, 65, NULL, NULL, NULL, NULL, 0.00, 65, 65, 70, 0, 0, 0, NULL, NULL, NULL, '2025-03-04 19:00:40', '2025-03-06 17:22:02'),
(183, 61, 9, '75', NULL, NULL, NULL, NULL, NULL, NULL, NULL, NULL, NULL, NULL, NULL, NULL, NULL, NULL, NULL, NULL, NULL, NULL, NULL, NULL, NULL, NULL, 0, 0, 0, NULL, NULL, NULL, '2025-03-04 19:00:49', '2025-03-04 19:01:17'),
(184, 63, 9, '0', NULL, NULL, NULL, NULL, NULL, NULL, NULL, NULL, NULL, NULL, NULL, NULL, NULL, NULL, NULL, NULL, NULL, NULL, NULL, NULL, NULL, NULL, 0, 0, 0, NULL, NULL, NULL, '2025-03-04 19:00:49', '2025-03-04 19:00:49'),
(185, 62, 9, '70', NULL, NULL, NULL, NULL, NULL, NULL, NULL, NULL, NULL, NULL, NULL, NULL, NULL, NULL, NULL, NULL, NULL, NULL, NULL, NULL, NULL, NULL, 0, 0, 0, NULL, NULL, NULL, '2025-03-04 19:00:49', '2025-03-04 19:04:55'),
(186, 64, 9, '0', NULL, NULL, NULL, NULL, NULL, NULL, NULL, NULL, NULL, NULL, NULL, NULL, NULL, NULL, NULL, NULL, NULL, NULL, NULL, NULL, NULL, NULL, 0, 0, 0, NULL, NULL, NULL, '2025-03-04 19:00:50', '2025-03-04 19:00:50'),
(187, 65, 9, '0', NULL, NULL, NULL, NULL, NULL, NULL, NULL, NULL, NULL, NULL, NULL, NULL, NULL, NULL, NULL, NULL, NULL, NULL, NULL, NULL, NULL, NULL, 0, 0, 0, NULL, NULL, NULL, '2025-03-04 19:00:51', '2025-03-04 19:00:51'),
(188, 66, 9, '0', NULL, NULL, NULL, NULL, NULL, NULL, NULL, NULL, NULL, NULL, NULL, NULL, NULL, NULL, NULL, NULL, NULL, NULL, NULL, NULL, NULL, NULL, 0, 0, 0, NULL, NULL, NULL, '2025-03-04 19:00:51', '2025-03-04 19:00:51'),
(189, 68, 9, '0', NULL, NULL, NULL, NULL, NULL, NULL, NULL, NULL, NULL, NULL, NULL, NULL, NULL, NULL, NULL, NULL, NULL, NULL, NULL, NULL, NULL, NULL, 0, 0, 0, NULL, NULL, NULL, '2025-03-04 19:00:51', '2025-03-04 19:00:51'),
(190, 67, 9, '0', NULL, NULL, NULL, NULL, NULL, NULL, NULL, NULL, NULL, NULL, NULL, NULL, NULL, NULL, NULL, NULL, NULL, NULL, NULL, NULL, NULL, NULL, 0, 0, 0, NULL, NULL, NULL, '2025-03-04 19:00:51', '2025-03-04 19:00:51'),
(191, 69, 9, '0', NULL, NULL, NULL, NULL, NULL, NULL, NULL, NULL, NULL, NULL, NULL, NULL, NULL, NULL, NULL, NULL, NULL, NULL, NULL, NULL, NULL, NULL, 0, 0, 0, NULL, NULL, NULL, '2025-03-04 19:00:52', '2025-03-04 19:00:52'),
(192, 70, 9, '0', NULL, NULL, NULL, NULL, NULL, NULL, NULL, NULL, NULL, NULL, NULL, NULL, NULL, NULL, NULL, NULL, NULL, NULL, NULL, NULL, NULL, NULL, 0, 0, 0, NULL, NULL, NULL, '2025-03-04 19:00:53', '2025-03-04 19:00:53'),
(193, 71, 9, '0', NULL, NULL, NULL, NULL, NULL, NULL, NULL, NULL, NULL, NULL, NULL, NULL, NULL, NULL, NULL, NULL, NULL, NULL, NULL, NULL, NULL, NULL, 0, 0, 0, NULL, NULL, NULL, '2025-03-04 19:00:54', '2025-03-04 19:00:54'),
(194, 72, 9, '0', NULL, NULL, NULL, NULL, NULL, NULL, NULL, NULL, NULL, NULL, NULL, NULL, NULL, NULL, NULL, NULL, NULL, NULL, NULL, NULL, NULL, NULL, 0, 0, 0, NULL, NULL, NULL, '2025-03-04 19:00:54', '2025-03-04 19:00:54'),
(195, 73, 9, '0', NULL, NULL, NULL, NULL, NULL, NULL, NULL, NULL, NULL, NULL, NULL, NULL, NULL, NULL, NULL, NULL, NULL, NULL, NULL, NULL, NULL, NULL, 0, 0, 0, NULL, NULL, NULL, '2025-03-04 19:00:55', '2025-03-04 19:00:55'),
(196, 74, 9, '0', NULL, NULL, NULL, NULL, NULL, NULL, NULL, NULL, NULL, NULL, NULL, NULL, NULL, NULL, NULL, NULL, NULL, NULL, NULL, NULL, NULL, NULL, 0, 0, 0, NULL, NULL, NULL, '2025-03-04 19:00:56', '2025-03-04 19:00:56'),
(197, 75, 9, '0', NULL, NULL, NULL, NULL, NULL, NULL, NULL, NULL, NULL, NULL, NULL, NULL, NULL, NULL, NULL, NULL, NULL, NULL, NULL, NULL, NULL, NULL, 0, 0, 0, NULL, NULL, NULL, '2025-03-04 19:00:57', '2025-03-04 19:00:57'),
(198, 76, 9, '0', NULL, NULL, NULL, NULL, NULL, NULL, NULL, NULL, NULL, NULL, NULL, NULL, NULL, NULL, NULL, NULL, NULL, NULL, NULL, NULL, NULL, NULL, 0, 0, 0, NULL, NULL, NULL, '2025-03-04 19:00:58', '2025-03-04 19:00:58'),
(199, 77, 9, '0', NULL, NULL, NULL, NULL, NULL, NULL, NULL, NULL, NULL, NULL, NULL, NULL, NULL, NULL, NULL, NULL, NULL, NULL, NULL, NULL, NULL, NULL, 0, 0, 0, NULL, NULL, NULL, '2025-03-04 19:00:58', '2025-03-04 19:00:58'),
(200, 78, 9, '0', NULL, NULL, NULL, NULL, NULL, NULL, NULL, NULL, NULL, NULL, NULL, NULL, NULL, NULL, NULL, NULL, NULL, NULL, NULL, NULL, NULL, NULL, 0, 0, 0, NULL, NULL, NULL, '2025-03-04 19:00:59', '2025-03-04 19:00:59'),
(201, 79, 9, '0', NULL, NULL, NULL, NULL, NULL, NULL, NULL, NULL, NULL, NULL, NULL, NULL, NULL, NULL, NULL, NULL, NULL, NULL, NULL, NULL, NULL, NULL, 0, 0, 0, NULL, NULL, NULL, '2025-03-04 19:01:00', '2025-03-04 19:01:00'),
(202, 80, 9, '0', NULL, NULL, NULL, NULL, NULL, NULL, NULL, NULL, NULL, NULL, NULL, NULL, NULL, NULL, NULL, NULL, NULL, NULL, NULL, NULL, NULL, NULL, 0, 0, 0, NULL, NULL, NULL, '2025-03-04 19:01:00', '2025-03-04 19:01:00'),
(203, 62, 10, '51', NULL, NULL, NULL, NULL, NULL, NULL, NULL, NULL, NULL, NULL, NULL, NULL, NULL, NULL, NULL, NULL, NULL, NULL, NULL, NULL, NULL, NULL, 0, 0, 0, NULL, NULL, NULL, '2025-03-04 19:01:07', '2025-03-04 19:04:58'),
(204, 61, 10, '41', NULL, NULL, NULL, NULL, NULL, NULL, NULL, NULL, NULL, NULL, NULL, NULL, NULL, NULL, NULL, NULL, NULL, NULL, NULL, NULL, NULL, NULL, 0, 0, 0, NULL, NULL, NULL, '2025-03-04 19:01:07', '2025-03-04 19:01:20'),
(205, 63, 10, '0', NULL, NULL, NULL, NULL, NULL, NULL, NULL, NULL, NULL, NULL, NULL, NULL, NULL, NULL, NULL, NULL, NULL, NULL, NULL, NULL, NULL, NULL, 0, 0, 0, NULL, NULL, NULL, '2025-03-04 19:01:08', '2025-03-04 19:01:08'),
(206, 64, 10, '0', NULL, NULL, NULL, NULL, NULL, NULL, NULL, NULL, NULL, NULL, NULL, NULL, NULL, NULL, NULL, NULL, NULL, NULL, NULL, NULL, NULL, NULL, 0, 0, 0, NULL, NULL, NULL, '2025-03-04 19:01:08', '2025-03-04 19:01:08'),
(207, 65, 10, '0', NULL, NULL, NULL, NULL, NULL, NULL, NULL, NULL, NULL, NULL, NULL, NULL, NULL, NULL, NULL, NULL, NULL, NULL, NULL, NULL, NULL, NULL, 0, 0, 0, NULL, NULL, NULL, '2025-03-04 19:01:09', '2025-03-04 19:01:09'),
(208, 66, 10, '0', NULL, NULL, NULL, NULL, NULL, NULL, NULL, NULL, NULL, NULL, NULL, NULL, NULL, NULL, NULL, NULL, NULL, NULL, NULL, NULL, NULL, NULL, 0, 0, 0, NULL, NULL, NULL, '2025-03-04 19:01:09', '2025-03-04 19:01:09'),
(209, 67, 10, '0', NULL, NULL, NULL, NULL, NULL, NULL, NULL, NULL, NULL, NULL, NULL, NULL, NULL, NULL, NULL, NULL, NULL, NULL, NULL, NULL, NULL, NULL, 0, 0, 0, NULL, NULL, NULL, '2025-03-04 19:01:09', '2025-03-04 19:01:09'),
(210, 68, 10, '0', NULL, NULL, NULL, NULL, NULL, NULL, NULL, NULL, NULL, NULL, NULL, NULL, NULL, NULL, NULL, NULL, NULL, NULL, NULL, NULL, NULL, NULL, 0, 0, 0, NULL, NULL, NULL, '2025-03-04 19:01:10', '2025-03-04 19:01:10'),
(211, 69, 10, '0', NULL, NULL, NULL, NULL, NULL, NULL, NULL, NULL, NULL, NULL, NULL, NULL, NULL, NULL, NULL, NULL, NULL, NULL, NULL, NULL, NULL, NULL, 0, 0, 0, NULL, NULL, NULL, '2025-03-04 19:01:10', '2025-03-04 19:01:10'),
(212, 70, 10, '0', NULL, NULL, NULL, NULL, NULL, NULL, NULL, NULL, NULL, NULL, NULL, NULL, NULL, NULL, NULL, NULL, NULL, NULL, NULL, NULL, NULL, NULL, 0, 0, 0, NULL, NULL, NULL, '2025-03-04 19:01:10', '2025-03-04 19:01:10'),
(213, 71, 10, '0', NULL, NULL, NULL, NULL, NULL, NULL, NULL, NULL, NULL, NULL, NULL, NULL, NULL, NULL, NULL, NULL, NULL, NULL, NULL, NULL, NULL, NULL, 0, 0, 0, NULL, NULL, NULL, '2025-03-04 19:01:11', '2025-03-04 19:01:11'),
(214, 72, 10, '0', NULL, NULL, NULL, NULL, NULL, NULL, NULL, NULL, NULL, NULL, NULL, NULL, NULL, NULL, NULL, NULL, NULL, NULL, NULL, NULL, NULL, NULL, 0, 0, 0, NULL, NULL, NULL, '2025-03-04 19:01:11', '2025-03-04 19:01:11'),
(215, 73, 10, '0', NULL, NULL, NULL, NULL, NULL, NULL, NULL, NULL, NULL, NULL, NULL, NULL, NULL, NULL, NULL, NULL, NULL, NULL, NULL, NULL, NULL, NULL, 0, 0, 0, NULL, NULL, NULL, '2025-03-04 19:01:12', '2025-03-04 19:01:12'),
(216, 74, 10, '0', NULL, NULL, NULL, NULL, NULL, NULL, NULL, NULL, NULL, NULL, NULL, NULL, NULL, NULL, NULL, NULL, NULL, NULL, NULL, NULL, NULL, NULL, 0, 0, 0, NULL, NULL, NULL, '2025-03-04 19:01:12', '2025-03-04 19:01:12'),
(217, 75, 10, '0', NULL, NULL, NULL, NULL, NULL, NULL, NULL, NULL, NULL, NULL, NULL, NULL, NULL, NULL, NULL, NULL, NULL, NULL, NULL, NULL, NULL, NULL, 0, 0, 0, NULL, NULL, NULL, '2025-03-04 19:01:12', '2025-03-04 19:01:12'),
(218, 76, 10, '0', NULL, NULL, NULL, NULL, NULL, NULL, NULL, NULL, NULL, NULL, NULL, NULL, NULL, NULL, NULL, NULL, NULL, NULL, NULL, NULL, NULL, NULL, 0, 0, 0, NULL, NULL, NULL, '2025-03-04 19:01:12', '2025-03-04 19:01:12'),
(219, 77, 10, '0', NULL, NULL, NULL, NULL, NULL, NULL, NULL, NULL, NULL, NULL, NULL, NULL, NULL, NULL, NULL, NULL, NULL, NULL, NULL, NULL, NULL, NULL, 0, 0, 0, NULL, NULL, NULL, '2025-03-04 19:01:13', '2025-03-04 19:01:13'),
(220, 78, 10, '0', NULL, NULL, NULL, NULL, NULL, NULL, NULL, NULL, NULL, NULL, NULL, NULL, NULL, NULL, NULL, NULL, NULL, NULL, NULL, NULL, NULL, NULL, 0, 0, 0, NULL, NULL, NULL, '2025-03-04 19:01:13', '2025-03-04 19:01:13'),
(221, 79, 10, '0', NULL, NULL, NULL, NULL, NULL, NULL, NULL, NULL, NULL, NULL, NULL, NULL, NULL, NULL, NULL, NULL, NULL, NULL, NULL, NULL, NULL, NULL, 0, 0, 0, NULL, NULL, NULL, '2025-03-04 19:01:15', '2025-03-04 19:01:15'),
(222, 80, 10, '0', NULL, NULL, NULL, NULL, NULL, NULL, NULL, NULL, NULL, NULL, NULL, NULL, NULL, NULL, NULL, NULL, NULL, NULL, NULL, NULL, NULL, NULL, 0, 0, 0, NULL, NULL, NULL, '2025-03-04 19:01:16', '2025-03-04 19:01:16'),
(223, 241, 11, '0', NULL, NULL, NULL, NULL, NULL, NULL, NULL, NULL, NULL, NULL, NULL, NULL, NULL, NULL, NULL, NULL, NULL, NULL, NULL, NULL, NULL, NULL, 0, 0, 0, NULL, NULL, NULL, '2025-03-04 19:10:05', '2025-03-04 19:10:05');
INSERT INTO `grades` (`id`, `enrolled_student_id`, `assessment_id`, `points`, `total_fg_lec`, `lec_fg_grade`, `total_fg_lab`, `lab_fg_grade`, `total_fg_grade`, `tentative_fg_grade`, `fg_grade`, `total_midterms_lec`, `lec_midterms_grade`, `total_midterms_lab`, `lab_midterms_grade`, `total_midterms_grade`, `tentative_midterms_grade`, `midterms_grade`, `total_finals_lec`, `lec_finals_grade`, `total_finals_lab`, `lab_finals_grade`, `total_finals_grade`, `tentative_finals_grade`, `finals_grade`, `adjusted_finals_grade`, `published`, `published_midterms`, `published_finals`, `status`, `midterms_status`, `finals_status`, `created_at`, `updated_at`) VALUES
(224, 241, NULL, NULL, NULL, NULL, NULL, NULL, 0.00, NULL, 65, NULL, NULL, NULL, NULL, 0.00, 65, 65, NULL, NULL, NULL, NULL, 0.00, 65, 65, 70, 0, 0, 0, NULL, NULL, NULL, '2025-03-04 19:10:06', '2025-03-04 20:10:40'),
(225, 242, 11, '0', NULL, NULL, NULL, NULL, NULL, NULL, NULL, NULL, NULL, NULL, NULL, NULL, NULL, NULL, NULL, NULL, NULL, NULL, NULL, NULL, NULL, NULL, 0, 0, 0, NULL, NULL, NULL, '2025-03-04 19:10:06', '2025-03-04 19:10:06'),
(226, 240, 11, '45', NULL, NULL, NULL, NULL, NULL, NULL, NULL, NULL, NULL, NULL, NULL, NULL, NULL, NULL, NULL, NULL, NULL, NULL, NULL, NULL, NULL, NULL, 0, 0, 0, NULL, NULL, NULL, '2025-03-04 19:10:06', '2025-03-04 19:10:59'),
(227, 244, 11, '0', NULL, NULL, NULL, NULL, NULL, NULL, NULL, NULL, NULL, NULL, NULL, NULL, NULL, NULL, NULL, NULL, NULL, NULL, NULL, NULL, NULL, NULL, 0, 0, 0, NULL, NULL, NULL, '2025-03-04 19:10:06', '2025-03-04 19:10:06'),
(228, 243, 11, '0', NULL, NULL, NULL, NULL, NULL, NULL, NULL, NULL, NULL, NULL, NULL, NULL, NULL, NULL, NULL, NULL, NULL, NULL, NULL, NULL, NULL, NULL, 0, 0, 0, NULL, NULL, NULL, '2025-03-04 19:10:06', '2025-03-04 19:10:06'),
(229, 239, 11, '41', NULL, NULL, NULL, NULL, NULL, NULL, NULL, NULL, NULL, NULL, NULL, NULL, NULL, NULL, NULL, NULL, NULL, NULL, NULL, NULL, NULL, NULL, 0, 0, 0, NULL, NULL, NULL, '2025-03-04 19:10:06', '2025-03-04 19:10:44'),
(230, 239, NULL, NULL, NULL, NULL, NULL, NULL, 41.00, NULL, 85, NULL, NULL, NULL, NULL, 30.00, 80, 82, NULL, NULL, NULL, NULL, 56.00, 94, 90, 90, 0, 0, 0, NULL, NULL, NULL, '2025-03-04 19:10:06', '2025-03-04 20:10:39'),
(231, 242, NULL, NULL, NULL, NULL, NULL, NULL, 0.00, NULL, 65, NULL, NULL, NULL, NULL, 0.00, 65, 65, NULL, NULL, NULL, NULL, 0.00, 65, 65, 70, 0, 0, 0, NULL, NULL, NULL, '2025-03-04 19:10:06', '2025-03-04 20:10:40'),
(232, 244, NULL, NULL, NULL, NULL, NULL, NULL, 0.00, NULL, 65, NULL, NULL, NULL, NULL, 0.00, 65, 65, NULL, NULL, NULL, NULL, 0.00, 65, 65, 70, 0, 0, 0, NULL, NULL, NULL, '2025-03-04 19:10:06', '2025-03-04 20:10:41'),
(233, 243, NULL, NULL, NULL, NULL, NULL, NULL, 0.00, NULL, 65, NULL, NULL, NULL, NULL, 0.00, 65, 65, NULL, NULL, NULL, NULL, 0.00, 65, 65, 70, 0, 0, 0, NULL, NULL, NULL, '2025-03-04 19:10:06', '2025-03-04 20:10:40'),
(234, 240, NULL, NULL, NULL, NULL, NULL, NULL, 45.00, NULL, 91, NULL, NULL, NULL, NULL, 32.00, 84, 86, NULL, NULL, NULL, NULL, 58.00, 97, 93, 93, 0, 0, 0, NULL, NULL, NULL, '2025-03-04 19:10:06', '2025-03-04 20:10:39'),
(235, 245, 11, '0', NULL, NULL, NULL, NULL, NULL, NULL, NULL, NULL, NULL, NULL, NULL, NULL, NULL, NULL, NULL, NULL, NULL, NULL, NULL, NULL, NULL, NULL, 0, 0, 0, NULL, NULL, NULL, '2025-03-04 19:10:07', '2025-03-04 19:10:07'),
(236, 245, NULL, NULL, NULL, NULL, NULL, NULL, 0.00, NULL, 65, NULL, NULL, NULL, NULL, 0.00, 65, 65, NULL, NULL, NULL, NULL, 0.00, 65, 65, 70, 0, 0, 0, NULL, NULL, NULL, '2025-03-04 19:10:07', '2025-03-04 20:10:41'),
(237, 246, 11, '0', NULL, NULL, NULL, NULL, NULL, NULL, NULL, NULL, NULL, NULL, NULL, NULL, NULL, NULL, NULL, NULL, NULL, NULL, NULL, NULL, NULL, NULL, 0, 0, 0, NULL, NULL, NULL, '2025-03-04 19:10:07', '2025-03-04 19:10:07'),
(238, 248, 11, '0', NULL, NULL, NULL, NULL, NULL, NULL, NULL, NULL, NULL, NULL, NULL, NULL, NULL, NULL, NULL, NULL, NULL, NULL, NULL, NULL, NULL, NULL, 0, 0, 0, NULL, NULL, NULL, '2025-03-04 19:10:07', '2025-03-04 19:10:07'),
(239, 249, 11, '0', NULL, NULL, NULL, NULL, NULL, NULL, NULL, NULL, NULL, NULL, NULL, NULL, NULL, NULL, NULL, NULL, NULL, NULL, NULL, NULL, NULL, NULL, 0, 0, 0, NULL, NULL, NULL, '2025-03-04 19:10:07', '2025-03-04 19:10:07'),
(240, 246, NULL, NULL, NULL, NULL, NULL, NULL, 0.00, NULL, 65, NULL, NULL, NULL, NULL, 0.00, 65, 65, NULL, NULL, NULL, NULL, 0.00, 65, 65, 70, 0, 0, 0, NULL, NULL, NULL, '2025-03-04 19:10:07', '2025-03-04 20:10:41'),
(241, 247, 11, '0', NULL, NULL, NULL, NULL, NULL, NULL, NULL, NULL, NULL, NULL, NULL, NULL, NULL, NULL, NULL, NULL, NULL, NULL, NULL, NULL, NULL, NULL, 0, 0, 0, NULL, NULL, NULL, '2025-03-04 19:10:07', '2025-03-04 19:10:07'),
(242, 250, 11, '0', NULL, NULL, NULL, NULL, NULL, NULL, NULL, NULL, NULL, NULL, NULL, NULL, NULL, NULL, NULL, NULL, NULL, NULL, NULL, NULL, NULL, NULL, 0, 0, 0, NULL, NULL, NULL, '2025-03-04 19:10:07', '2025-03-04 19:10:07'),
(243, 248, NULL, NULL, NULL, NULL, NULL, NULL, 0.00, NULL, 65, NULL, NULL, NULL, NULL, 0.00, 65, 65, NULL, NULL, NULL, NULL, 0.00, 65, 65, 70, 0, 0, 0, NULL, NULL, NULL, '2025-03-04 19:10:07', '2025-03-04 20:10:42'),
(244, 250, NULL, NULL, NULL, NULL, NULL, NULL, 0.00, NULL, 65, NULL, NULL, NULL, NULL, 0.00, 65, 65, NULL, NULL, NULL, NULL, 0.00, 65, 65, 70, 0, 0, 0, NULL, NULL, NULL, '2025-03-04 19:10:07', '2025-03-04 20:10:43'),
(245, 247, NULL, NULL, NULL, NULL, NULL, NULL, 0.00, NULL, 65, NULL, NULL, NULL, NULL, 0.00, 65, 65, NULL, NULL, NULL, NULL, 0.00, 65, 65, 70, 0, 0, 0, NULL, NULL, NULL, '2025-03-04 19:10:07', '2025-03-04 20:10:42'),
(246, 249, NULL, NULL, NULL, NULL, NULL, NULL, 0.00, NULL, 65, NULL, NULL, NULL, NULL, 0.00, 65, 65, NULL, NULL, NULL, NULL, 0.00, 65, 65, 70, 0, 0, 0, NULL, NULL, NULL, '2025-03-04 19:10:07', '2025-03-04 20:10:43'),
(247, 240, 12, '32', NULL, NULL, NULL, NULL, NULL, NULL, NULL, NULL, NULL, NULL, NULL, NULL, NULL, NULL, NULL, NULL, NULL, NULL, NULL, NULL, NULL, NULL, 0, 0, 0, NULL, NULL, NULL, '2025-03-04 19:10:22', '2025-03-04 19:11:07'),
(248, 241, 12, '0', NULL, NULL, NULL, NULL, NULL, NULL, NULL, NULL, NULL, NULL, NULL, NULL, NULL, NULL, NULL, NULL, NULL, NULL, NULL, NULL, NULL, NULL, 0, 0, 0, NULL, NULL, NULL, '2025-03-04 19:10:22', '2025-03-04 19:10:22'),
(249, 239, 12, '30', NULL, NULL, NULL, NULL, NULL, NULL, NULL, NULL, NULL, NULL, NULL, NULL, NULL, NULL, NULL, NULL, NULL, NULL, NULL, NULL, NULL, NULL, 0, 0, 0, NULL, NULL, NULL, '2025-03-04 19:10:22', '2025-03-04 19:10:48'),
(250, 242, 12, '0', NULL, NULL, NULL, NULL, NULL, NULL, NULL, NULL, NULL, NULL, NULL, NULL, NULL, NULL, NULL, NULL, NULL, NULL, NULL, NULL, NULL, NULL, 0, 0, 0, NULL, NULL, NULL, '2025-03-04 19:10:23', '2025-03-04 19:10:23'),
(251, 243, 12, '0', NULL, NULL, NULL, NULL, NULL, NULL, NULL, NULL, NULL, NULL, NULL, NULL, NULL, NULL, NULL, NULL, NULL, NULL, NULL, NULL, NULL, NULL, 0, 0, 0, NULL, NULL, NULL, '2025-03-04 19:10:23', '2025-03-04 19:10:23'),
(252, 244, 12, '0', NULL, NULL, NULL, NULL, NULL, NULL, NULL, NULL, NULL, NULL, NULL, NULL, NULL, NULL, NULL, NULL, NULL, NULL, NULL, NULL, NULL, NULL, 0, 0, 0, NULL, NULL, NULL, '2025-03-04 19:10:23', '2025-03-04 19:10:23'),
(253, 246, 12, '0', NULL, NULL, NULL, NULL, NULL, NULL, NULL, NULL, NULL, NULL, NULL, NULL, NULL, NULL, NULL, NULL, NULL, NULL, NULL, NULL, NULL, NULL, 0, 0, 0, NULL, NULL, NULL, '2025-03-04 19:10:24', '2025-03-04 19:10:24'),
(254, 245, 12, '0', NULL, NULL, NULL, NULL, NULL, NULL, NULL, NULL, NULL, NULL, NULL, NULL, NULL, NULL, NULL, NULL, NULL, NULL, NULL, NULL, NULL, NULL, 0, 0, 0, NULL, NULL, NULL, '2025-03-04 19:10:24', '2025-03-04 19:10:24'),
(255, 247, 12, '0', NULL, NULL, NULL, NULL, NULL, NULL, NULL, NULL, NULL, NULL, NULL, NULL, NULL, NULL, NULL, NULL, NULL, NULL, NULL, NULL, NULL, NULL, 0, 0, 0, NULL, NULL, NULL, '2025-03-04 19:10:24', '2025-03-04 19:10:24'),
(256, 249, 12, '0', NULL, NULL, NULL, NULL, NULL, NULL, NULL, NULL, NULL, NULL, NULL, NULL, NULL, NULL, NULL, NULL, NULL, NULL, NULL, NULL, NULL, NULL, 0, 0, 0, NULL, NULL, NULL, '2025-03-04 19:10:25', '2025-03-04 19:10:25'),
(257, 248, 12, '0', NULL, NULL, NULL, NULL, NULL, NULL, NULL, NULL, NULL, NULL, NULL, NULL, NULL, NULL, NULL, NULL, NULL, NULL, NULL, NULL, NULL, NULL, 0, 0, 0, NULL, NULL, NULL, '2025-03-04 19:10:25', '2025-03-04 19:10:25'),
(258, 250, 12, '0', NULL, NULL, NULL, NULL, NULL, NULL, NULL, NULL, NULL, NULL, NULL, NULL, NULL, NULL, NULL, NULL, NULL, NULL, NULL, NULL, NULL, NULL, 0, 0, 0, NULL, NULL, NULL, '2025-03-04 19:10:27', '2025-03-04 19:10:27'),
(259, 239, 13, '56', NULL, NULL, NULL, NULL, NULL, NULL, NULL, NULL, NULL, NULL, NULL, NULL, NULL, NULL, NULL, NULL, NULL, NULL, NULL, NULL, NULL, NULL, 0, 0, 0, NULL, NULL, NULL, '2025-03-04 19:10:38', '2025-03-04 19:10:55'),
(260, 240, 13, '58', NULL, NULL, NULL, NULL, NULL, NULL, NULL, NULL, NULL, NULL, NULL, NULL, NULL, NULL, NULL, NULL, NULL, NULL, NULL, NULL, NULL, NULL, 0, 0, 0, NULL, NULL, NULL, '2025-03-04 19:10:38', '2025-03-04 19:11:10'),
(261, 241, 13, '0', NULL, NULL, NULL, NULL, NULL, NULL, NULL, NULL, NULL, NULL, NULL, NULL, NULL, NULL, NULL, NULL, NULL, NULL, NULL, NULL, NULL, NULL, 0, 0, 0, NULL, NULL, NULL, '2025-03-04 19:10:39', '2025-03-04 19:10:39'),
(262, 242, 13, '0', NULL, NULL, NULL, NULL, NULL, NULL, NULL, NULL, NULL, NULL, NULL, NULL, NULL, NULL, NULL, NULL, NULL, NULL, NULL, NULL, NULL, NULL, 0, 0, 0, NULL, NULL, NULL, '2025-03-04 19:10:40', '2025-03-04 19:10:40'),
(263, 243, 13, '0', NULL, NULL, NULL, NULL, NULL, NULL, NULL, NULL, NULL, NULL, NULL, NULL, NULL, NULL, NULL, NULL, NULL, NULL, NULL, NULL, NULL, NULL, 0, 0, 0, NULL, NULL, NULL, '2025-03-04 19:10:40', '2025-03-04 19:10:40'),
(264, 244, 13, '0', NULL, NULL, NULL, NULL, NULL, NULL, NULL, NULL, NULL, NULL, NULL, NULL, NULL, NULL, NULL, NULL, NULL, NULL, NULL, NULL, NULL, NULL, 0, 0, 0, NULL, NULL, NULL, '2025-03-04 19:10:41', '2025-03-04 19:10:41'),
(265, 245, 13, '0', NULL, NULL, NULL, NULL, NULL, NULL, NULL, NULL, NULL, NULL, NULL, NULL, NULL, NULL, NULL, NULL, NULL, NULL, NULL, NULL, NULL, NULL, 0, 0, 0, NULL, NULL, NULL, '2025-03-04 19:10:41', '2025-03-04 19:10:41'),
(266, 246, 13, '0', NULL, NULL, NULL, NULL, NULL, NULL, NULL, NULL, NULL, NULL, NULL, NULL, NULL, NULL, NULL, NULL, NULL, NULL, NULL, NULL, NULL, NULL, 0, 0, 0, NULL, NULL, NULL, '2025-03-04 19:10:41', '2025-03-04 19:10:41'),
(267, 247, 13, '0', NULL, NULL, NULL, NULL, NULL, NULL, NULL, NULL, NULL, NULL, NULL, NULL, NULL, NULL, NULL, NULL, NULL, NULL, NULL, NULL, NULL, NULL, 0, 0, 0, NULL, NULL, NULL, '2025-03-04 19:10:42', '2025-03-04 19:10:42'),
(268, 248, 13, '0', NULL, NULL, NULL, NULL, NULL, NULL, NULL, NULL, NULL, NULL, NULL, NULL, NULL, NULL, NULL, NULL, NULL, NULL, NULL, NULL, NULL, NULL, 0, 0, 0, NULL, NULL, NULL, '2025-03-04 19:10:42', '2025-03-04 19:10:42'),
(269, 249, 13, '0', NULL, NULL, NULL, NULL, NULL, NULL, NULL, NULL, NULL, NULL, NULL, NULL, NULL, NULL, NULL, NULL, NULL, NULL, NULL, NULL, NULL, NULL, 0, 0, 0, NULL, NULL, NULL, '2025-03-04 19:10:42', '2025-03-04 19:10:42'),
(270, 250, 13, '0', NULL, NULL, NULL, NULL, NULL, NULL, NULL, NULL, NULL, NULL, NULL, NULL, NULL, NULL, NULL, NULL, NULL, NULL, NULL, NULL, NULL, NULL, 0, 0, 0, NULL, NULL, NULL, '2025-03-04 19:10:43', '2025-03-04 19:10:43'),
(271, 61, 14, '41', NULL, NULL, NULL, NULL, NULL, NULL, NULL, NULL, NULL, NULL, NULL, NULL, NULL, NULL, NULL, NULL, NULL, NULL, NULL, NULL, NULL, NULL, 0, 0, 0, NULL, NULL, NULL, '2025-03-05 21:57:26', '2025-03-05 22:14:33'),
(272, 62, 14, '0', NULL, NULL, NULL, NULL, NULL, NULL, NULL, NULL, NULL, NULL, NULL, NULL, NULL, NULL, NULL, NULL, NULL, NULL, NULL, NULL, NULL, NULL, 0, 0, 0, NULL, NULL, NULL, '2025-03-05 21:57:26', '2025-03-05 21:57:26'),
(273, 63, 14, '0', NULL, NULL, NULL, NULL, NULL, NULL, NULL, NULL, NULL, NULL, NULL, NULL, NULL, NULL, NULL, NULL, NULL, NULL, NULL, NULL, NULL, NULL, 0, 0, 0, NULL, NULL, NULL, '2025-03-05 21:57:27', '2025-03-05 21:57:27'),
(274, 64, 14, '0', NULL, NULL, NULL, NULL, NULL, NULL, NULL, NULL, NULL, NULL, NULL, NULL, NULL, NULL, NULL, NULL, NULL, NULL, NULL, NULL, NULL, NULL, 0, 0, 0, NULL, NULL, NULL, '2025-03-05 21:57:27', '2025-03-05 21:57:27'),
(275, 65, 14, '0', NULL, NULL, NULL, NULL, NULL, NULL, NULL, NULL, NULL, NULL, NULL, NULL, NULL, NULL, NULL, NULL, NULL, NULL, NULL, NULL, NULL, NULL, 0, 0, 0, NULL, NULL, NULL, '2025-03-05 21:57:28', '2025-03-05 21:57:28'),
(276, 66, 14, '0', NULL, NULL, NULL, NULL, NULL, NULL, NULL, NULL, NULL, NULL, NULL, NULL, NULL, NULL, NULL, NULL, NULL, NULL, NULL, NULL, NULL, NULL, 0, 0, 0, NULL, NULL, NULL, '2025-03-05 21:57:28', '2025-03-05 21:57:28'),
(277, 67, 14, '0', NULL, NULL, NULL, NULL, NULL, NULL, NULL, NULL, NULL, NULL, NULL, NULL, NULL, NULL, NULL, NULL, NULL, NULL, NULL, NULL, NULL, NULL, 0, 0, 0, NULL, NULL, NULL, '2025-03-05 21:57:28', '2025-03-05 21:57:28'),
(278, 68, 14, '0', NULL, NULL, NULL, NULL, NULL, NULL, NULL, NULL, NULL, NULL, NULL, NULL, NULL, NULL, NULL, NULL, NULL, NULL, NULL, NULL, NULL, NULL, 0, 0, 0, NULL, NULL, NULL, '2025-03-05 21:57:29', '2025-03-05 21:57:29'),
(279, 69, 14, '0', NULL, NULL, NULL, NULL, NULL, NULL, NULL, NULL, NULL, NULL, NULL, NULL, NULL, NULL, NULL, NULL, NULL, NULL, NULL, NULL, NULL, NULL, 0, 0, 0, NULL, NULL, NULL, '2025-03-05 21:57:29', '2025-03-05 21:57:29'),
(280, 70, 14, '0', NULL, NULL, NULL, NULL, NULL, NULL, NULL, NULL, NULL, NULL, NULL, NULL, NULL, NULL, NULL, NULL, NULL, NULL, NULL, NULL, NULL, NULL, 0, 0, 0, NULL, NULL, NULL, '2025-03-05 21:57:30', '2025-03-05 21:57:30'),
(281, 71, 14, '0', NULL, NULL, NULL, NULL, NULL, NULL, NULL, NULL, NULL, NULL, NULL, NULL, NULL, NULL, NULL, NULL, NULL, NULL, NULL, NULL, NULL, NULL, 0, 0, 0, NULL, NULL, NULL, '2025-03-05 21:57:30', '2025-03-05 21:57:30'),
(282, 72, 14, '0', NULL, NULL, NULL, NULL, NULL, NULL, NULL, NULL, NULL, NULL, NULL, NULL, NULL, NULL, NULL, NULL, NULL, NULL, NULL, NULL, NULL, NULL, 0, 0, 0, NULL, NULL, NULL, '2025-03-05 21:57:30', '2025-03-05 21:57:30'),
(283, 73, 14, '0', NULL, NULL, NULL, NULL, NULL, NULL, NULL, NULL, NULL, NULL, NULL, NULL, NULL, NULL, NULL, NULL, NULL, NULL, NULL, NULL, NULL, NULL, 0, 0, 0, NULL, NULL, NULL, '2025-03-05 21:57:31', '2025-03-05 21:57:31'),
(284, 74, 14, '0', NULL, NULL, NULL, NULL, NULL, NULL, NULL, NULL, NULL, NULL, NULL, NULL, NULL, NULL, NULL, NULL, NULL, NULL, NULL, NULL, NULL, NULL, 0, 0, 0, NULL, NULL, NULL, '2025-03-05 21:57:31', '2025-03-05 21:57:31'),
(285, 75, 14, '0', NULL, NULL, NULL, NULL, NULL, NULL, NULL, NULL, NULL, NULL, NULL, NULL, NULL, NULL, NULL, NULL, NULL, NULL, NULL, NULL, NULL, NULL, 0, 0, 0, NULL, NULL, NULL, '2025-03-05 21:57:32', '2025-03-05 21:57:32'),
(286, 76, 14, '0', NULL, NULL, NULL, NULL, NULL, NULL, NULL, NULL, NULL, NULL, NULL, NULL, NULL, NULL, NULL, NULL, NULL, NULL, NULL, NULL, NULL, NULL, 0, 0, 0, NULL, NULL, NULL, '2025-03-05 21:57:32', '2025-03-05 21:57:32'),
(287, 77, 14, '0', NULL, NULL, NULL, NULL, NULL, NULL, NULL, NULL, NULL, NULL, NULL, NULL, NULL, NULL, NULL, NULL, NULL, NULL, NULL, NULL, NULL, NULL, 0, 0, 0, NULL, NULL, NULL, '2025-03-05 21:57:33', '2025-03-05 21:57:33'),
(288, 78, 14, '0', NULL, NULL, NULL, NULL, NULL, NULL, NULL, NULL, NULL, NULL, NULL, NULL, NULL, NULL, NULL, NULL, NULL, NULL, NULL, NULL, NULL, NULL, 0, 0, 0, NULL, NULL, NULL, '2025-03-05 21:57:33', '2025-03-05 21:57:33'),
(289, 79, 14, '0', NULL, NULL, NULL, NULL, NULL, NULL, NULL, NULL, NULL, NULL, NULL, NULL, NULL, NULL, NULL, NULL, NULL, NULL, NULL, NULL, NULL, NULL, 0, 0, 0, NULL, NULL, NULL, '2025-03-05 21:57:33', '2025-03-05 21:57:33'),
(290, 80, 14, '0', NULL, NULL, NULL, NULL, NULL, NULL, NULL, NULL, NULL, NULL, NULL, NULL, NULL, NULL, NULL, NULL, NULL, NULL, NULL, NULL, NULL, NULL, 0, 0, 0, NULL, NULL, NULL, '2025-03-05 21:57:34', '2025-03-05 21:57:34'),
(291, 61, 15, '0', NULL, NULL, NULL, NULL, NULL, NULL, NULL, NULL, NULL, NULL, NULL, NULL, NULL, NULL, NULL, NULL, NULL, NULL, NULL, NULL, NULL, NULL, 0, 0, 0, NULL, NULL, NULL, '2025-03-06 00:02:24', '2025-03-06 00:02:24'),
(292, 63, 15, '0', NULL, NULL, NULL, NULL, NULL, NULL, NULL, NULL, NULL, NULL, NULL, NULL, NULL, NULL, NULL, NULL, NULL, NULL, NULL, NULL, NULL, NULL, 0, 0, 0, NULL, NULL, NULL, '2025-03-06 00:02:26', '2025-03-06 00:02:26'),
(293, 64, 15, '0', NULL, NULL, NULL, NULL, NULL, NULL, NULL, NULL, NULL, NULL, NULL, NULL, NULL, NULL, NULL, NULL, NULL, NULL, NULL, NULL, NULL, NULL, 0, 0, 0, NULL, NULL, NULL, '2025-03-06 00:02:26', '2025-03-06 00:02:26'),
(294, 65, 15, '0', NULL, NULL, NULL, NULL, NULL, NULL, NULL, NULL, NULL, NULL, NULL, NULL, NULL, NULL, NULL, NULL, NULL, NULL, NULL, NULL, NULL, NULL, 0, 0, 0, NULL, NULL, NULL, '2025-03-06 00:02:27', '2025-03-06 00:02:27'),
(295, 66, 15, '0', NULL, NULL, NULL, NULL, NULL, NULL, NULL, NULL, NULL, NULL, NULL, NULL, NULL, NULL, NULL, NULL, NULL, NULL, NULL, NULL, NULL, NULL, 0, 0, 0, NULL, NULL, NULL, '2025-03-06 00:02:27', '2025-03-06 00:02:27'),
(296, 67, 15, '0', NULL, NULL, NULL, NULL, NULL, NULL, NULL, NULL, NULL, NULL, NULL, NULL, NULL, NULL, NULL, NULL, NULL, NULL, NULL, NULL, NULL, NULL, 0, 0, 0, NULL, NULL, NULL, '2025-03-06 00:02:28', '2025-03-06 00:02:28'),
(297, 68, 15, '0', NULL, NULL, NULL, NULL, NULL, NULL, NULL, NULL, NULL, NULL, NULL, NULL, NULL, NULL, NULL, NULL, NULL, NULL, NULL, NULL, NULL, NULL, 0, 0, 0, NULL, NULL, NULL, '2025-03-06 00:02:28', '2025-03-06 00:02:28'),
(298, 69, 15, '0', NULL, NULL, NULL, NULL, NULL, NULL, NULL, NULL, NULL, NULL, NULL, NULL, NULL, NULL, NULL, NULL, NULL, NULL, NULL, NULL, NULL, NULL, 0, 0, 0, NULL, NULL, NULL, '2025-03-06 00:02:29', '2025-03-06 00:02:29'),
(299, 70, 15, '0', NULL, NULL, NULL, NULL, NULL, NULL, NULL, NULL, NULL, NULL, NULL, NULL, NULL, NULL, NULL, NULL, NULL, NULL, NULL, NULL, NULL, NULL, 0, 0, 0, NULL, NULL, NULL, '2025-03-06 00:02:29', '2025-03-06 00:02:29'),
(300, 71, 15, '0', NULL, NULL, NULL, NULL, NULL, NULL, NULL, NULL, NULL, NULL, NULL, NULL, NULL, NULL, NULL, NULL, NULL, NULL, NULL, NULL, NULL, NULL, 0, 0, 0, NULL, NULL, NULL, '2025-03-06 00:02:30', '2025-03-06 00:02:30'),
(301, 72, 15, '0', NULL, NULL, NULL, NULL, NULL, NULL, NULL, NULL, NULL, NULL, NULL, NULL, NULL, NULL, NULL, NULL, NULL, NULL, NULL, NULL, NULL, NULL, 0, 0, 0, NULL, NULL, NULL, '2025-03-06 00:02:31', '2025-03-06 00:02:31'),
(302, 73, 15, '0', NULL, NULL, NULL, NULL, NULL, NULL, NULL, NULL, NULL, NULL, NULL, NULL, NULL, NULL, NULL, NULL, NULL, NULL, NULL, NULL, NULL, NULL, 0, 0, 0, NULL, NULL, NULL, '2025-03-06 00:02:31', '2025-03-06 00:02:31'),
(303, 74, 15, '0', NULL, NULL, NULL, NULL, NULL, NULL, NULL, NULL, NULL, NULL, NULL, NULL, NULL, NULL, NULL, NULL, NULL, NULL, NULL, NULL, NULL, NULL, 0, 0, 0, NULL, NULL, NULL, '2025-03-06 00:02:32', '2025-03-06 00:02:32'),
(304, 75, 15, '0', NULL, NULL, NULL, NULL, NULL, NULL, NULL, NULL, NULL, NULL, NULL, NULL, NULL, NULL, NULL, NULL, NULL, NULL, NULL, NULL, NULL, NULL, 0, 0, 0, NULL, NULL, NULL, '2025-03-06 00:02:33', '2025-03-06 00:02:33'),
(305, 76, 15, '0', NULL, NULL, NULL, NULL, NULL, NULL, NULL, NULL, NULL, NULL, NULL, NULL, NULL, NULL, NULL, NULL, NULL, NULL, NULL, NULL, NULL, NULL, 0, 0, 0, NULL, NULL, NULL, '2025-03-06 00:02:33', '2025-03-06 00:02:33'),
(306, 77, 15, '0', NULL, NULL, NULL, NULL, NULL, NULL, NULL, NULL, NULL, NULL, NULL, NULL, NULL, NULL, NULL, NULL, NULL, NULL, NULL, NULL, NULL, NULL, 0, 0, 0, NULL, NULL, NULL, '2025-03-06 00:02:34', '2025-03-06 00:02:34'),
(307, 78, 15, '0', NULL, NULL, NULL, NULL, NULL, NULL, NULL, NULL, NULL, NULL, NULL, NULL, NULL, NULL, NULL, NULL, NULL, NULL, NULL, NULL, NULL, NULL, 0, 0, 0, NULL, NULL, NULL, '2025-03-06 00:02:34', '2025-03-06 00:02:34'),
(308, 79, 15, '0', NULL, NULL, NULL, NULL, NULL, NULL, NULL, NULL, NULL, NULL, NULL, NULL, NULL, NULL, NULL, NULL, NULL, NULL, NULL, NULL, NULL, NULL, 0, 0, 0, NULL, NULL, NULL, '2025-03-06 00:02:35', '2025-03-06 00:02:35'),
(309, 80, 15, '0', NULL, NULL, NULL, NULL, NULL, NULL, NULL, NULL, NULL, NULL, NULL, NULL, NULL, NULL, NULL, NULL, NULL, NULL, NULL, NULL, NULL, NULL, 0, 0, 0, NULL, NULL, NULL, '2025-03-06 00:02:35', '2025-03-06 00:02:35'),
(310, 61, 16, '0', NULL, NULL, NULL, NULL, NULL, NULL, NULL, NULL, NULL, NULL, NULL, NULL, NULL, NULL, NULL, NULL, NULL, NULL, NULL, NULL, NULL, NULL, 0, 0, 0, NULL, NULL, NULL, '2025-03-06 00:08:23', '2025-03-06 00:08:23'),
(311, 62, 16, '0', NULL, NULL, NULL, NULL, NULL, NULL, NULL, NULL, NULL, NULL, NULL, NULL, NULL, NULL, NULL, NULL, NULL, NULL, NULL, NULL, NULL, NULL, 0, 0, 0, NULL, NULL, NULL, '2025-03-06 00:08:24', '2025-03-06 00:08:24'),
(312, 62, 15, '0', NULL, NULL, NULL, NULL, NULL, NULL, NULL, NULL, NULL, NULL, NULL, NULL, NULL, NULL, NULL, NULL, NULL, NULL, NULL, NULL, NULL, NULL, 0, 0, 0, NULL, NULL, NULL, '2025-03-06 00:08:24', '2025-03-06 00:08:24'),
(313, 63, 16, '0', NULL, NULL, NULL, NULL, NULL, NULL, NULL, NULL, NULL, NULL, NULL, NULL, NULL, NULL, NULL, NULL, NULL, NULL, NULL, NULL, NULL, NULL, 0, 0, 0, NULL, NULL, NULL, '2025-03-06 00:08:25', '2025-03-06 00:08:25'),
(314, 64, 16, '0', NULL, NULL, NULL, NULL, NULL, NULL, NULL, NULL, NULL, NULL, NULL, NULL, NULL, NULL, NULL, NULL, NULL, NULL, NULL, NULL, NULL, NULL, 0, 0, 0, NULL, NULL, NULL, '2025-03-06 00:08:26', '2025-03-06 00:08:26'),
(315, 65, 16, '0', NULL, NULL, NULL, NULL, NULL, NULL, NULL, NULL, NULL, NULL, NULL, NULL, NULL, NULL, NULL, NULL, NULL, NULL, NULL, NULL, NULL, NULL, 0, 0, 0, NULL, NULL, NULL, '2025-03-06 00:08:26', '2025-03-06 00:08:26'),
(316, 66, 16, '0', NULL, NULL, NULL, NULL, NULL, NULL, NULL, NULL, NULL, NULL, NULL, NULL, NULL, NULL, NULL, NULL, NULL, NULL, NULL, NULL, NULL, NULL, 0, 0, 0, NULL, NULL, NULL, '2025-03-06 00:08:27', '2025-03-06 00:08:27'),
(317, 67, 16, '0', NULL, NULL, NULL, NULL, NULL, NULL, NULL, NULL, NULL, NULL, NULL, NULL, NULL, NULL, NULL, NULL, NULL, NULL, NULL, NULL, NULL, NULL, 0, 0, 0, NULL, NULL, NULL, '2025-03-06 00:08:27', '2025-03-06 00:08:27'),
(318, 68, 16, '0', NULL, NULL, NULL, NULL, NULL, NULL, NULL, NULL, NULL, NULL, NULL, NULL, NULL, NULL, NULL, NULL, NULL, NULL, NULL, NULL, NULL, NULL, 0, 0, 0, NULL, NULL, NULL, '2025-03-06 00:08:28', '2025-03-06 00:08:28'),
(319, 69, 16, '0', NULL, NULL, NULL, NULL, NULL, NULL, NULL, NULL, NULL, NULL, NULL, NULL, NULL, NULL, NULL, NULL, NULL, NULL, NULL, NULL, NULL, NULL, 0, 0, 0, NULL, NULL, NULL, '2025-03-06 00:08:29', '2025-03-06 00:08:29'),
(320, 70, 16, '0', NULL, NULL, NULL, NULL, NULL, NULL, NULL, NULL, NULL, NULL, NULL, NULL, NULL, NULL, NULL, NULL, NULL, NULL, NULL, NULL, NULL, NULL, 0, 0, 0, NULL, NULL, NULL, '2025-03-06 00:08:30', '2025-03-06 00:08:30'),
(321, 71, 16, '0', NULL, NULL, NULL, NULL, NULL, NULL, NULL, NULL, NULL, NULL, NULL, NULL, NULL, NULL, NULL, NULL, NULL, NULL, NULL, NULL, NULL, NULL, 0, 0, 0, NULL, NULL, NULL, '2025-03-06 00:08:30', '2025-03-06 00:08:30'),
(322, 72, 16, '0', NULL, NULL, NULL, NULL, NULL, NULL, NULL, NULL, NULL, NULL, NULL, NULL, NULL, NULL, NULL, NULL, NULL, NULL, NULL, NULL, NULL, NULL, 0, 0, 0, NULL, NULL, NULL, '2025-03-06 00:08:31', '2025-03-06 00:08:31'),
(323, 73, 16, '0', NULL, NULL, NULL, NULL, NULL, NULL, NULL, NULL, NULL, NULL, NULL, NULL, NULL, NULL, NULL, NULL, NULL, NULL, NULL, NULL, NULL, NULL, 0, 0, 0, NULL, NULL, NULL, '2025-03-06 00:08:32', '2025-03-06 00:08:32'),
(324, 74, 16, '0', NULL, NULL, NULL, NULL, NULL, NULL, NULL, NULL, NULL, NULL, NULL, NULL, NULL, NULL, NULL, NULL, NULL, NULL, NULL, NULL, NULL, NULL, 0, 0, 0, NULL, NULL, NULL, '2025-03-06 00:08:32', '2025-03-06 00:08:32'),
(325, 75, 16, '0', NULL, NULL, NULL, NULL, NULL, NULL, NULL, NULL, NULL, NULL, NULL, NULL, NULL, NULL, NULL, NULL, NULL, NULL, NULL, NULL, NULL, NULL, 0, 0, 0, NULL, NULL, NULL, '2025-03-06 00:08:33', '2025-03-06 00:08:33'),
(326, 76, 16, '0', NULL, NULL, NULL, NULL, NULL, NULL, NULL, NULL, NULL, NULL, NULL, NULL, NULL, NULL, NULL, NULL, NULL, NULL, NULL, NULL, NULL, NULL, 0, 0, 0, NULL, NULL, NULL, '2025-03-06 00:08:34', '2025-03-06 00:08:34'),
(327, 77, 16, '0', NULL, NULL, NULL, NULL, NULL, NULL, NULL, NULL, NULL, NULL, NULL, NULL, NULL, NULL, NULL, NULL, NULL, NULL, NULL, NULL, NULL, NULL, 0, 0, 0, NULL, NULL, NULL, '2025-03-06 00:08:34', '2025-03-06 00:08:34'),
(328, 78, 16, '0', NULL, NULL, NULL, NULL, NULL, NULL, NULL, NULL, NULL, NULL, NULL, NULL, NULL, NULL, NULL, NULL, NULL, NULL, NULL, NULL, NULL, NULL, 0, 0, 0, NULL, NULL, NULL, '2025-03-06 00:08:35', '2025-03-06 00:08:35'),
(329, 79, 16, '0', NULL, NULL, NULL, NULL, NULL, NULL, NULL, NULL, NULL, NULL, NULL, NULL, NULL, NULL, NULL, NULL, NULL, NULL, NULL, NULL, NULL, NULL, 0, 0, 0, NULL, NULL, NULL, '2025-03-06 00:08:35', '2025-03-06 00:08:35'),
(330, 80, 16, '0', NULL, NULL, NULL, NULL, NULL, NULL, NULL, NULL, NULL, NULL, NULL, NULL, NULL, NULL, NULL, NULL, NULL, NULL, NULL, NULL, NULL, NULL, 0, 0, 0, NULL, NULL, NULL, '2025-03-06 00:08:36', '2025-03-06 00:08:36'),
(331, 61, 17, '0', NULL, NULL, NULL, NULL, NULL, NULL, NULL, NULL, NULL, NULL, NULL, NULL, NULL, NULL, NULL, NULL, NULL, NULL, NULL, NULL, NULL, NULL, 0, 0, 0, NULL, NULL, NULL, '2025-03-06 00:31:26', '2025-03-06 00:31:26'),
(332, 62, 17, '0', NULL, NULL, NULL, NULL, NULL, NULL, NULL, NULL, NULL, NULL, NULL, NULL, NULL, NULL, NULL, NULL, NULL, NULL, NULL, NULL, NULL, NULL, 0, 0, 0, NULL, NULL, NULL, '2025-03-06 00:31:27', '2025-03-06 00:31:27'),
(333, 63, 17, '0', NULL, NULL, NULL, NULL, NULL, NULL, NULL, NULL, NULL, NULL, NULL, NULL, NULL, NULL, NULL, NULL, NULL, NULL, NULL, NULL, NULL, NULL, 0, 0, 0, NULL, NULL, NULL, '2025-03-06 00:31:27', '2025-03-06 00:31:27'),
(334, 64, 17, '0', NULL, NULL, NULL, NULL, NULL, NULL, NULL, NULL, NULL, NULL, NULL, NULL, NULL, NULL, NULL, NULL, NULL, NULL, NULL, NULL, NULL, NULL, 0, 0, 0, NULL, NULL, NULL, '2025-03-06 00:31:28', '2025-03-06 00:31:28'),
(335, 65, 17, '0', NULL, NULL, NULL, NULL, NULL, NULL, NULL, NULL, NULL, NULL, NULL, NULL, NULL, NULL, NULL, NULL, NULL, NULL, NULL, NULL, NULL, NULL, 0, 0, 0, NULL, NULL, NULL, '2025-03-06 00:31:29', '2025-03-06 00:31:29'),
(336, 66, 17, '0', NULL, NULL, NULL, NULL, NULL, NULL, NULL, NULL, NULL, NULL, NULL, NULL, NULL, NULL, NULL, NULL, NULL, NULL, NULL, NULL, NULL, NULL, 0, 0, 0, NULL, NULL, NULL, '2025-03-06 00:31:30', '2025-03-06 00:31:30'),
(337, 67, 17, '0', NULL, NULL, NULL, NULL, NULL, NULL, NULL, NULL, NULL, NULL, NULL, NULL, NULL, NULL, NULL, NULL, NULL, NULL, NULL, NULL, NULL, NULL, 0, 0, 0, NULL, NULL, NULL, '2025-03-06 00:31:31', '2025-03-06 00:31:31'),
(338, 68, 17, '0', NULL, NULL, NULL, NULL, NULL, NULL, NULL, NULL, NULL, NULL, NULL, NULL, NULL, NULL, NULL, NULL, NULL, NULL, NULL, NULL, NULL, NULL, 0, 0, 0, NULL, NULL, NULL, '2025-03-06 00:31:31', '2025-03-06 00:31:31'),
(339, 69, 17, '0', NULL, NULL, NULL, NULL, NULL, NULL, NULL, NULL, NULL, NULL, NULL, NULL, NULL, NULL, NULL, NULL, NULL, NULL, NULL, NULL, NULL, NULL, 0, 0, 0, NULL, NULL, NULL, '2025-03-06 00:31:32', '2025-03-06 00:31:32'),
(340, 70, 17, '0', NULL, NULL, NULL, NULL, NULL, NULL, NULL, NULL, NULL, NULL, NULL, NULL, NULL, NULL, NULL, NULL, NULL, NULL, NULL, NULL, NULL, NULL, 0, 0, 0, NULL, NULL, NULL, '2025-03-06 00:31:33', '2025-03-06 00:31:33'),
(341, 71, 17, '0', NULL, NULL, NULL, NULL, NULL, NULL, NULL, NULL, NULL, NULL, NULL, NULL, NULL, NULL, NULL, NULL, NULL, NULL, NULL, NULL, NULL, NULL, 0, 0, 0, NULL, NULL, NULL, '2025-03-06 00:31:34', '2025-03-06 00:31:34'),
(342, 72, 17, '0', NULL, NULL, NULL, NULL, NULL, NULL, NULL, NULL, NULL, NULL, NULL, NULL, NULL, NULL, NULL, NULL, NULL, NULL, NULL, NULL, NULL, NULL, 0, 0, 0, NULL, NULL, NULL, '2025-03-06 00:31:35', '2025-03-06 00:31:35'),
(343, 73, 17, '0', NULL, NULL, NULL, NULL, NULL, NULL, NULL, NULL, NULL, NULL, NULL, NULL, NULL, NULL, NULL, NULL, NULL, NULL, NULL, NULL, NULL, NULL, 0, 0, 0, NULL, NULL, NULL, '2025-03-06 00:31:35', '2025-03-06 00:31:35'),
(344, 74, 17, '0', NULL, NULL, NULL, NULL, NULL, NULL, NULL, NULL, NULL, NULL, NULL, NULL, NULL, NULL, NULL, NULL, NULL, NULL, NULL, NULL, NULL, NULL, 0, 0, 0, NULL, NULL, NULL, '2025-03-06 00:31:36', '2025-03-06 00:31:36'),
(345, 75, 17, '0', NULL, NULL, NULL, NULL, NULL, NULL, NULL, NULL, NULL, NULL, NULL, NULL, NULL, NULL, NULL, NULL, NULL, NULL, NULL, NULL, NULL, NULL, 0, 0, 0, NULL, NULL, NULL, '2025-03-06 00:31:37', '2025-03-06 00:31:37'),
(346, 76, 17, '0', NULL, NULL, NULL, NULL, NULL, NULL, NULL, NULL, NULL, NULL, NULL, NULL, NULL, NULL, NULL, NULL, NULL, NULL, NULL, NULL, NULL, NULL, 0, 0, 0, NULL, NULL, NULL, '2025-03-06 00:31:38', '2025-03-06 00:31:38'),
(347, 77, 17, '0', NULL, NULL, NULL, NULL, NULL, NULL, NULL, NULL, NULL, NULL, NULL, NULL, NULL, NULL, NULL, NULL, NULL, NULL, NULL, NULL, NULL, NULL, 0, 0, 0, NULL, NULL, NULL, '2025-03-06 00:31:39', '2025-03-06 00:31:39'),
(348, 78, 17, '0', NULL, NULL, NULL, NULL, NULL, NULL, NULL, NULL, NULL, NULL, NULL, NULL, NULL, NULL, NULL, NULL, NULL, NULL, NULL, NULL, NULL, NULL, 0, 0, 0, NULL, NULL, NULL, '2025-03-06 00:31:39', '2025-03-06 00:31:39'),
(349, 79, 17, '0', NULL, NULL, NULL, NULL, NULL, NULL, NULL, NULL, NULL, NULL, NULL, NULL, NULL, NULL, NULL, NULL, NULL, NULL, NULL, NULL, NULL, NULL, 0, 0, 0, NULL, NULL, NULL, '2025-03-06 00:31:40', '2025-03-06 00:31:40'),
(350, 80, 17, '0', NULL, NULL, NULL, NULL, NULL, NULL, NULL, NULL, NULL, NULL, NULL, NULL, NULL, NULL, NULL, NULL, NULL, NULL, NULL, NULL, NULL, NULL, 0, 0, 0, NULL, NULL, NULL, '2025-03-06 00:31:41', '2025-03-06 00:31:41'),
(351, 61, 18, '45', NULL, NULL, NULL, NULL, NULL, NULL, NULL, NULL, NULL, NULL, NULL, NULL, NULL, NULL, NULL, NULL, NULL, NULL, NULL, NULL, NULL, NULL, 0, 0, 0, NULL, NULL, NULL, '2025-03-06 00:36:41', '2025-03-06 00:39:37'),
(352, 62, 18, '57', NULL, NULL, NULL, NULL, NULL, NULL, NULL, NULL, NULL, NULL, NULL, NULL, NULL, NULL, NULL, NULL, NULL, NULL, NULL, NULL, NULL, NULL, 0, 0, 0, NULL, NULL, NULL, '2025-03-06 00:36:42', '2025-03-06 00:39:41'),
(353, 63, 18, '0', NULL, NULL, NULL, NULL, NULL, NULL, NULL, NULL, NULL, NULL, NULL, NULL, NULL, NULL, NULL, NULL, NULL, NULL, NULL, NULL, NULL, NULL, 0, 0, 0, NULL, NULL, NULL, '2025-03-06 00:36:43', '2025-03-06 00:36:43'),
(354, 64, 18, '0', NULL, NULL, NULL, NULL, NULL, NULL, NULL, NULL, NULL, NULL, NULL, NULL, NULL, NULL, NULL, NULL, NULL, NULL, NULL, NULL, NULL, NULL, 0, 0, 0, NULL, NULL, NULL, '2025-03-06 00:36:43', '2025-03-06 00:36:43'),
(355, 65, 18, '0', NULL, NULL, NULL, NULL, NULL, NULL, NULL, NULL, NULL, NULL, NULL, NULL, NULL, NULL, NULL, NULL, NULL, NULL, NULL, NULL, NULL, NULL, 0, 0, 0, NULL, NULL, NULL, '2025-03-06 00:36:44', '2025-03-06 00:36:44'),
(356, 66, 18, '0', NULL, NULL, NULL, NULL, NULL, NULL, NULL, NULL, NULL, NULL, NULL, NULL, NULL, NULL, NULL, NULL, NULL, NULL, NULL, NULL, NULL, NULL, 0, 0, 0, NULL, NULL, NULL, '2025-03-06 00:36:45', '2025-03-06 00:36:45'),
(357, 67, 18, '0', NULL, NULL, NULL, NULL, NULL, NULL, NULL, NULL, NULL, NULL, NULL, NULL, NULL, NULL, NULL, NULL, NULL, NULL, NULL, NULL, NULL, NULL, 0, 0, 0, NULL, NULL, NULL, '2025-03-06 00:36:46', '2025-03-06 00:36:46'),
(358, 68, 18, '0', NULL, NULL, NULL, NULL, NULL, NULL, NULL, NULL, NULL, NULL, NULL, NULL, NULL, NULL, NULL, NULL, NULL, NULL, NULL, NULL, NULL, NULL, 0, 0, 0, NULL, NULL, NULL, '2025-03-06 00:36:47', '2025-03-06 00:36:47'),
(359, 69, 18, '0', NULL, NULL, NULL, NULL, NULL, NULL, NULL, NULL, NULL, NULL, NULL, NULL, NULL, NULL, NULL, NULL, NULL, NULL, NULL, NULL, NULL, NULL, 0, 0, 0, NULL, NULL, NULL, '2025-03-06 00:36:48', '2025-03-06 00:36:48'),
(360, 70, 18, '0', NULL, NULL, NULL, NULL, NULL, NULL, NULL, NULL, NULL, NULL, NULL, NULL, NULL, NULL, NULL, NULL, NULL, NULL, NULL, NULL, NULL, NULL, 0, 0, 0, NULL, NULL, NULL, '2025-03-06 00:36:49', '2025-03-06 00:36:49'),
(361, 71, 18, '0', NULL, NULL, NULL, NULL, NULL, NULL, NULL, NULL, NULL, NULL, NULL, NULL, NULL, NULL, NULL, NULL, NULL, NULL, NULL, NULL, NULL, NULL, 0, 0, 0, NULL, NULL, NULL, '2025-03-06 00:36:51', '2025-03-06 00:36:51'),
(362, 72, 18, '0', NULL, NULL, NULL, NULL, NULL, NULL, NULL, NULL, NULL, NULL, NULL, NULL, NULL, NULL, NULL, NULL, NULL, NULL, NULL, NULL, NULL, NULL, 0, 0, 0, NULL, NULL, NULL, '2025-03-06 00:36:52', '2025-03-06 00:36:52'),
(363, 73, 18, '0', NULL, NULL, NULL, NULL, NULL, NULL, NULL, NULL, NULL, NULL, NULL, NULL, NULL, NULL, NULL, NULL, NULL, NULL, NULL, NULL, NULL, NULL, 0, 0, 0, NULL, NULL, NULL, '2025-03-06 00:36:54', '2025-03-06 00:36:54'),
(364, 74, 18, '0', NULL, NULL, NULL, NULL, NULL, NULL, NULL, NULL, NULL, NULL, NULL, NULL, NULL, NULL, NULL, NULL, NULL, NULL, NULL, NULL, NULL, NULL, 0, 0, 0, NULL, NULL, NULL, '2025-03-06 00:36:55', '2025-03-06 00:36:55'),
(365, 75, 18, '0', NULL, NULL, NULL, NULL, NULL, NULL, NULL, NULL, NULL, NULL, NULL, NULL, NULL, NULL, NULL, NULL, NULL, NULL, NULL, NULL, NULL, NULL, 0, 0, 0, NULL, NULL, NULL, '2025-03-06 00:36:56', '2025-03-06 00:36:56'),
(366, 76, 18, '0', NULL, NULL, NULL, NULL, NULL, NULL, NULL, NULL, NULL, NULL, NULL, NULL, NULL, NULL, NULL, NULL, NULL, NULL, NULL, NULL, NULL, NULL, 0, 0, 0, NULL, NULL, NULL, '2025-03-06 00:36:58', '2025-03-06 00:36:58'),
(367, 77, 18, '0', NULL, NULL, NULL, NULL, NULL, NULL, NULL, NULL, NULL, NULL, NULL, NULL, NULL, NULL, NULL, NULL, NULL, NULL, NULL, NULL, NULL, NULL, 0, 0, 0, NULL, NULL, NULL, '2025-03-06 00:36:59', '2025-03-06 00:36:59'),
(368, 78, 18, '0', NULL, NULL, NULL, NULL, NULL, NULL, NULL, NULL, NULL, NULL, NULL, NULL, NULL, NULL, NULL, NULL, NULL, NULL, NULL, NULL, NULL, NULL, 0, 0, 0, NULL, NULL, NULL, '2025-03-06 00:37:00', '2025-03-06 00:37:00'),
(369, 79, 18, '0', NULL, NULL, NULL, NULL, NULL, NULL, NULL, NULL, NULL, NULL, NULL, NULL, NULL, NULL, NULL, NULL, NULL, NULL, NULL, NULL, NULL, NULL, 0, 0, 0, NULL, NULL, NULL, '2025-03-06 00:37:01', '2025-03-06 00:37:01'),
(370, 80, 18, '0', NULL, NULL, NULL, NULL, NULL, NULL, NULL, NULL, NULL, NULL, NULL, NULL, NULL, NULL, NULL, NULL, NULL, NULL, NULL, NULL, NULL, NULL, 0, 0, 0, NULL, NULL, NULL, '2025-03-06 00:37:02', '2025-03-06 00:37:02'),
(371, 61, 19, '1', NULL, NULL, NULL, NULL, NULL, NULL, NULL, NULL, NULL, NULL, NULL, NULL, NULL, NULL, NULL, NULL, NULL, NULL, NULL, NULL, NULL, NULL, 0, 0, 0, NULL, NULL, NULL, '2025-03-06 00:40:11', '2025-03-06 00:40:19'),
(372, 62, 19, '0', NULL, NULL, NULL, NULL, NULL, NULL, NULL, NULL, NULL, NULL, NULL, NULL, NULL, NULL, NULL, NULL, NULL, NULL, NULL, NULL, NULL, NULL, 0, 0, 0, NULL, NULL, NULL, '2025-03-06 00:40:12', '2025-03-06 00:40:12'),
(373, 63, 19, '0', NULL, NULL, NULL, NULL, NULL, NULL, NULL, NULL, NULL, NULL, NULL, NULL, NULL, NULL, NULL, NULL, NULL, NULL, NULL, NULL, NULL, NULL, 0, 0, 0, NULL, NULL, NULL, '2025-03-06 00:40:13', '2025-03-06 00:40:13'),
(374, 64, 19, '0', NULL, NULL, NULL, NULL, NULL, NULL, NULL, NULL, NULL, NULL, NULL, NULL, NULL, NULL, NULL, NULL, NULL, NULL, NULL, NULL, NULL, NULL, 0, 0, 0, NULL, NULL, NULL, '2025-03-06 00:40:14', '2025-03-06 00:40:14'),
(375, 65, 19, '0', NULL, NULL, NULL, NULL, NULL, NULL, NULL, NULL, NULL, NULL, NULL, NULL, NULL, NULL, NULL, NULL, NULL, NULL, NULL, NULL, NULL, NULL, 0, 0, 0, NULL, NULL, NULL, '2025-03-06 00:40:15', '2025-03-06 00:40:15'),
(376, 66, 19, '0', NULL, NULL, NULL, NULL, NULL, NULL, NULL, NULL, NULL, NULL, NULL, NULL, NULL, NULL, NULL, NULL, NULL, NULL, NULL, NULL, NULL, NULL, 0, 0, 0, NULL, NULL, NULL, '2025-03-06 00:40:16', '2025-03-06 00:40:16'),
(377, 67, 19, '0', NULL, NULL, NULL, NULL, NULL, NULL, NULL, NULL, NULL, NULL, NULL, NULL, NULL, NULL, NULL, NULL, NULL, NULL, NULL, NULL, NULL, NULL, 0, 0, 0, NULL, NULL, NULL, '2025-03-06 00:40:17', '2025-03-06 00:40:17'),
(378, 68, 19, '0', NULL, NULL, NULL, NULL, NULL, NULL, NULL, NULL, NULL, NULL, NULL, NULL, NULL, NULL, NULL, NULL, NULL, NULL, NULL, NULL, NULL, NULL, 0, 0, 0, NULL, NULL, NULL, '2025-03-06 00:40:18', '2025-03-06 00:40:18'),
(379, 69, 19, '0', NULL, NULL, NULL, NULL, NULL, NULL, NULL, NULL, NULL, NULL, NULL, NULL, NULL, NULL, NULL, NULL, NULL, NULL, NULL, NULL, NULL, NULL, 0, 0, 0, NULL, NULL, NULL, '2025-03-06 00:40:19', '2025-03-06 00:40:19'),
(380, 70, 19, '0', NULL, NULL, NULL, NULL, NULL, NULL, NULL, NULL, NULL, NULL, NULL, NULL, NULL, NULL, NULL, NULL, NULL, NULL, NULL, NULL, NULL, NULL, 0, 0, 0, NULL, NULL, NULL, '2025-03-06 00:40:24', '2025-03-06 00:40:24'),
(381, 71, 19, '0', NULL, NULL, NULL, NULL, NULL, NULL, NULL, NULL, NULL, NULL, NULL, NULL, NULL, NULL, NULL, NULL, NULL, NULL, NULL, NULL, NULL, NULL, 0, 0, 0, NULL, NULL, NULL, '2025-03-06 00:40:29', '2025-03-06 00:40:29'),
(382, 72, 19, '0', NULL, NULL, NULL, NULL, NULL, NULL, NULL, NULL, NULL, NULL, NULL, NULL, NULL, NULL, NULL, NULL, NULL, NULL, NULL, NULL, NULL, NULL, 0, 0, 0, NULL, NULL, NULL, '2025-03-06 00:40:34', '2025-03-06 00:40:34'),
(383, 73, 19, '0', NULL, NULL, NULL, NULL, NULL, NULL, NULL, NULL, NULL, NULL, NULL, NULL, NULL, NULL, NULL, NULL, NULL, NULL, NULL, NULL, NULL, NULL, 0, 0, 0, NULL, NULL, NULL, '2025-03-06 00:40:40', '2025-03-06 00:40:40'),
(384, 74, 19, '0', NULL, NULL, NULL, NULL, NULL, NULL, NULL, NULL, NULL, NULL, NULL, NULL, NULL, NULL, NULL, NULL, NULL, NULL, NULL, NULL, NULL, NULL, 0, 0, 0, NULL, NULL, NULL, '2025-03-06 00:40:46', '2025-03-06 00:40:46'),
(385, 75, 19, '0', NULL, NULL, NULL, NULL, NULL, NULL, NULL, NULL, NULL, NULL, NULL, NULL, NULL, NULL, NULL, NULL, NULL, NULL, NULL, NULL, NULL, NULL, 0, 0, 0, NULL, NULL, NULL, '2025-03-06 00:40:49', '2025-03-06 00:40:49'),
(386, 76, 19, '0', NULL, NULL, NULL, NULL, NULL, NULL, NULL, NULL, NULL, NULL, NULL, NULL, NULL, NULL, NULL, NULL, NULL, NULL, NULL, NULL, NULL, NULL, 0, 0, 0, NULL, NULL, NULL, '2025-03-06 00:40:49', '2025-03-06 00:40:49'),
(387, 77, 19, '0', NULL, NULL, NULL, NULL, NULL, NULL, NULL, NULL, NULL, NULL, NULL, NULL, NULL, NULL, NULL, NULL, NULL, NULL, NULL, NULL, NULL, NULL, 0, 0, 0, NULL, NULL, NULL, '2025-03-06 00:41:17', '2025-03-06 00:41:17'),
(388, 78, 19, '0', NULL, NULL, NULL, NULL, NULL, NULL, NULL, NULL, NULL, NULL, NULL, NULL, NULL, NULL, NULL, NULL, NULL, NULL, NULL, NULL, NULL, NULL, 0, 0, 0, NULL, NULL, NULL, '2025-03-06 00:41:18', '2025-03-06 00:41:18'),
(389, 79, 19, '0', NULL, NULL, NULL, NULL, NULL, NULL, NULL, NULL, NULL, NULL, NULL, NULL, NULL, NULL, NULL, NULL, NULL, NULL, NULL, NULL, NULL, NULL, 0, 0, 0, NULL, NULL, NULL, '2025-03-06 00:41:19', '2025-03-06 00:41:19'),
(390, 80, 19, '0', NULL, NULL, NULL, NULL, NULL, NULL, NULL, NULL, NULL, NULL, NULL, NULL, NULL, NULL, NULL, NULL, NULL, NULL, NULL, NULL, NULL, NULL, 0, 0, 0, NULL, NULL, NULL, '2025-03-06 00:41:20', '2025-03-06 00:41:20'),
(391, 61, 20, '0', NULL, NULL, NULL, NULL, NULL, NULL, NULL, NULL, NULL, NULL, NULL, NULL, NULL, NULL, NULL, NULL, NULL, NULL, NULL, NULL, NULL, NULL, 0, 0, 0, NULL, NULL, NULL, '2025-03-06 01:25:33', '2025-03-06 01:25:33'),
(392, 62, 20, '0', NULL, NULL, NULL, NULL, NULL, NULL, NULL, NULL, NULL, NULL, NULL, NULL, NULL, NULL, NULL, NULL, NULL, NULL, NULL, NULL, NULL, NULL, 0, 0, 0, NULL, NULL, NULL, '2025-03-06 01:25:35', '2025-03-06 01:25:35'),
(393, 63, 20, '0', NULL, NULL, NULL, NULL, NULL, NULL, NULL, NULL, NULL, NULL, NULL, NULL, NULL, NULL, NULL, NULL, NULL, NULL, NULL, NULL, NULL, NULL, 0, 0, 0, NULL, NULL, NULL, '2025-03-06 01:25:35', '2025-03-06 01:25:35'),
(394, 64, 20, '0', NULL, NULL, NULL, NULL, NULL, NULL, NULL, NULL, NULL, NULL, NULL, NULL, NULL, NULL, NULL, NULL, NULL, NULL, NULL, NULL, NULL, NULL, 0, 0, 0, NULL, NULL, NULL, '2025-03-06 01:25:37', '2025-03-06 01:25:37'),
(395, 65, 20, '0', NULL, NULL, NULL, NULL, NULL, NULL, NULL, NULL, NULL, NULL, NULL, NULL, NULL, NULL, NULL, NULL, NULL, NULL, NULL, NULL, NULL, NULL, 0, 0, 0, NULL, NULL, NULL, '2025-03-06 01:25:38', '2025-03-06 01:25:38'),
(396, 66, 20, '0', NULL, NULL, NULL, NULL, NULL, NULL, NULL, NULL, NULL, NULL, NULL, NULL, NULL, NULL, NULL, NULL, NULL, NULL, NULL, NULL, NULL, NULL, 0, 0, 0, NULL, NULL, NULL, '2025-03-06 01:25:39', '2025-03-06 01:25:39'),
(397, 67, 20, '0', NULL, NULL, NULL, NULL, NULL, NULL, NULL, NULL, NULL, NULL, NULL, NULL, NULL, NULL, NULL, NULL, NULL, NULL, NULL, NULL, NULL, NULL, 0, 0, 0, NULL, NULL, NULL, '2025-03-06 01:25:40', '2025-03-06 01:25:40'),
(398, 68, 20, '0', NULL, NULL, NULL, NULL, NULL, NULL, NULL, NULL, NULL, NULL, NULL, NULL, NULL, NULL, NULL, NULL, NULL, NULL, NULL, NULL, NULL, NULL, 0, 0, 0, NULL, NULL, NULL, '2025-03-06 01:25:41', '2025-03-06 01:25:41'),
(399, 69, 20, '0', NULL, NULL, NULL, NULL, NULL, NULL, NULL, NULL, NULL, NULL, NULL, NULL, NULL, NULL, NULL, NULL, NULL, NULL, NULL, NULL, NULL, NULL, 0, 0, 0, NULL, NULL, NULL, '2025-03-06 01:25:42', '2025-03-06 01:25:42'),
(400, 70, 20, '0', NULL, NULL, NULL, NULL, NULL, NULL, NULL, NULL, NULL, NULL, NULL, NULL, NULL, NULL, NULL, NULL, NULL, NULL, NULL, NULL, NULL, NULL, 0, 0, 0, NULL, NULL, NULL, '2025-03-06 01:25:43', '2025-03-06 01:25:43'),
(401, 71, 20, '0', NULL, NULL, NULL, NULL, NULL, NULL, NULL, NULL, NULL, NULL, NULL, NULL, NULL, NULL, NULL, NULL, NULL, NULL, NULL, NULL, NULL, NULL, 0, 0, 0, NULL, NULL, NULL, '2025-03-06 01:25:44', '2025-03-06 01:25:44'),
(402, 73, 20, '0', NULL, NULL, NULL, NULL, NULL, NULL, NULL, NULL, NULL, NULL, NULL, NULL, NULL, NULL, NULL, NULL, NULL, NULL, NULL, NULL, NULL, NULL, 0, 0, 0, NULL, NULL, NULL, '2025-03-06 01:25:46', '2025-03-06 01:25:46'),
(403, 74, 20, '0', NULL, NULL, NULL, NULL, NULL, NULL, NULL, NULL, NULL, NULL, NULL, NULL, NULL, NULL, NULL, NULL, NULL, NULL, NULL, NULL, NULL, NULL, 0, 0, 0, NULL, NULL, NULL, '2025-03-06 01:25:47', '2025-03-06 01:25:47'),
(404, 75, 20, '0', NULL, NULL, NULL, NULL, NULL, NULL, NULL, NULL, NULL, NULL, NULL, NULL, NULL, NULL, NULL, NULL, NULL, NULL, NULL, NULL, NULL, NULL, 0, 0, 0, NULL, NULL, NULL, '2025-03-06 01:25:48', '2025-03-06 01:25:48'),
(405, 76, 20, '0', NULL, NULL, NULL, NULL, NULL, NULL, NULL, NULL, NULL, NULL, NULL, NULL, NULL, NULL, NULL, NULL, NULL, NULL, NULL, NULL, NULL, NULL, 0, 0, 0, NULL, NULL, NULL, '2025-03-06 01:25:49', '2025-03-06 01:25:49'),
(406, 72, 20, '0', NULL, NULL, NULL, NULL, NULL, NULL, NULL, NULL, NULL, NULL, NULL, NULL, NULL, NULL, NULL, NULL, NULL, NULL, NULL, NULL, NULL, NULL, 0, 0, 0, NULL, NULL, NULL, '2025-03-06 01:27:39', '2025-03-06 01:27:39'),
(407, 77, 20, '0', NULL, NULL, NULL, NULL, NULL, NULL, NULL, NULL, NULL, NULL, NULL, NULL, NULL, NULL, NULL, NULL, NULL, NULL, NULL, NULL, NULL, NULL, 0, 0, 0, NULL, NULL, NULL, '2025-03-06 01:27:44', '2025-03-06 01:27:44'),
(408, 78, 20, '0', NULL, NULL, NULL, NULL, NULL, NULL, NULL, NULL, NULL, NULL, NULL, NULL, NULL, NULL, NULL, NULL, NULL, NULL, NULL, NULL, NULL, NULL, 0, 0, 0, NULL, NULL, NULL, '2025-03-06 01:27:45', '2025-03-06 01:27:45'),
(409, 79, 20, '0', NULL, NULL, NULL, NULL, NULL, NULL, NULL, NULL, NULL, NULL, NULL, NULL, NULL, NULL, NULL, NULL, NULL, NULL, NULL, NULL, NULL, NULL, 0, 0, 0, NULL, NULL, NULL, '2025-03-06 01:27:46', '2025-03-06 01:27:46'),
(410, 80, 20, '0', NULL, NULL, NULL, NULL, NULL, NULL, NULL, NULL, NULL, NULL, NULL, NULL, NULL, NULL, NULL, NULL, NULL, NULL, NULL, NULL, NULL, NULL, 0, 0, 0, NULL, NULL, NULL, '2025-03-06 01:27:47', '2025-03-06 01:27:47');

-- --------------------------------------------------------

--
-- Table structure for table `grade_ceiling_settings`
--

CREATE TABLE `grade_ceiling_settings` (
  `id` int(11) NOT NULL,
  `identifier` varchar(255) NOT NULL,
  `grade_above` int(11) DEFAULT 80,
  `grade_lower` int(11) DEFAULT 75,
  `grade_upper` int(11) DEFAULT 79,
  `created_at` timestamp NOT NULL DEFAULT current_timestamp(),
  `updated_at` timestamp NOT NULL DEFAULT current_timestamp() ON UPDATE current_timestamp()
) ENGINE=InnoDB DEFAULT CHARSET=utf8mb4 COLLATE=utf8mb4_general_ci;

--
-- Dumping data for table `grade_ceiling_settings`
--

INSERT INTO `grade_ceiling_settings` (`id`, `identifier`, `grade_above`, `grade_lower`, `grade_upper`, `created_at`, `updated_at`) VALUES
(1, 'default', 80, 75, 79, '2025-03-06 03:25:17', '2025-03-06 17:22:17');

-- --------------------------------------------------------

--
-- Table structure for table `imported_classlist`
--

CREATE TABLE `imported_classlist` (
  `id` bigint(20) UNSIGNED NOT NULL,
  `subjects_id` bigint(20) UNSIGNED NOT NULL,
  `instructor_id` bigint(20) UNSIGNED NOT NULL,
  `previous_instructor_id` bigint(20) UNSIGNED DEFAULT NULL,
  `days` varchar(255) NOT NULL,
  `time` varchar(255) NOT NULL,
  `room` varchar(255) NOT NULL,
  `created_at` timestamp NULL DEFAULT NULL,
  `updated_at` timestamp NULL DEFAULT NULL
) ENGINE=InnoDB DEFAULT CHARSET=utf8mb4 COLLATE=utf8mb4_unicode_ci;

--
-- Dumping data for table `imported_classlist`
--

INSERT INTO `imported_classlist` (`id`, `subjects_id`, `instructor_id`, `previous_instructor_id`, `days`, `time`, `room`, `created_at`, `updated_at`) VALUES
(4, 4, 1, 202, 'M', '10:00 AM-11:00 AM', 'F213', '2024-11-19 00:54:55', '2024-11-27 04:20:49'),
(10, 10, 202, 1, 'TH', '8:00 AM-11:00 AM', 'CA02', '2024-11-19 01:52:27', '2025-03-02 01:17:24'),
(12, 12, 1, NULL, 'Th/T', '3:30 PM-5:00 PM', 'F216', '2024-11-19 03:23:59', '2024-11-19 03:23:59'),
(13, 13, 1, NULL, 'M/F, F', '10:00 AM-11:00 AM, 8:00 AM-11:00 AM', 'F215, CA01', '2024-11-20 00:57:02', '2024-11-20 00:57:02'),
(14, 14, 1, NULL, 'Th/T', '3:30 PM-5:00 PM', 'F216', '2024-12-07 18:54:51', '2024-12-07 18:54:51'),
(15, 15, 1, NULL, 'Th/T', '3:30 PM-5:00 PM', 'F216', '2025-03-02 17:40:28', '2025-03-02 17:40:28'),
(16, 16, 1, NULL, 'Th/T', '3:30 PM-5:00 PM', 'F216', '2025-03-04 02:02:29', '2025-03-04 02:02:29'),
(17, 17, 1, NULL, 'Th/T', '3:30 PM-5:00 PM', 'F216', '2025-03-05 03:06:19', '2025-03-05 03:06:19');

-- --------------------------------------------------------

--
-- Table structure for table `migrations`
--

CREATE TABLE `migrations` (
  `id` int(10) UNSIGNED NOT NULL,
  `migration` varchar(255) NOT NULL,
  `batch` int(11) NOT NULL
) ENGINE=InnoDB DEFAULT CHARSET=utf8mb4 COLLATE=utf8mb4_unicode_ci;

-- --------------------------------------------------------

--
-- Table structure for table `password_reset_tokens`
--

CREATE TABLE `password_reset_tokens` (
  `email` varchar(255) NOT NULL,
  `token` varchar(255) NOT NULL,
  `created_at` timestamp NULL DEFAULT NULL
) ENGINE=InnoDB DEFAULT CHARSET=utf8mb4 COLLATE=utf8mb4_unicode_ci;

-- --------------------------------------------------------

--
-- Table structure for table `personal_access_tokens`
--

CREATE TABLE `personal_access_tokens` (
  `id` bigint(20) UNSIGNED NOT NULL,
  `tokenable_type` varchar(255) NOT NULL,
  `tokenable_id` bigint(20) UNSIGNED NOT NULL,
  `name` varchar(255) NOT NULL,
  `token` varchar(64) NOT NULL,
  `abilities` text DEFAULT NULL,
  `last_used_at` timestamp NULL DEFAULT NULL,
  `expires_at` timestamp NULL DEFAULT NULL,
  `created_at` timestamp NULL DEFAULT NULL,
  `updated_at` timestamp NULL DEFAULT NULL
) ENGINE=InnoDB DEFAULT CHARSET=utf8mb4 COLLATE=utf8mb4_unicode_ci;

-- --------------------------------------------------------

--
-- Table structure for table `sections`
--

CREATE TABLE `sections` (
  `id` bigint(20) UNSIGNED NOT NULL,
  `subject_description_id` bigint(20) UNSIGNED NOT NULL,
  `section_name` varchar(255) NOT NULL,
  `created_at` timestamp NOT NULL DEFAULT current_timestamp(),
  `updated_at` timestamp NOT NULL DEFAULT current_timestamp() ON UPDATE current_timestamp()
) ENGINE=InnoDB DEFAULT CHARSET=utf8 COLLATE=utf8_general_ci;

-- --------------------------------------------------------

--
-- Table structure for table `semesters`
--

CREATE TABLE `semesters` (
  `id` bigint(20) UNSIGNED NOT NULL,
  `semester_name` varchar(255) NOT NULL,
  `school_year` varchar(255) NOT NULL,
  `is_current` tinyint(1) NOT NULL DEFAULT 0,
  `created_at` timestamp NULL DEFAULT NULL,
  `updated_at` timestamp NULL DEFAULT NULL
) ENGINE=InnoDB DEFAULT CHARSET=utf8mb4 COLLATE=utf8mb4_unicode_ci;

--
-- Dumping data for table `semesters`
--

INSERT INTO `semesters` (`id`, `semester_name`, `school_year`, `is_current`, `created_at`, `updated_at`) VALUES
(1, 'First Semester', '2024 - 2025', 1, '2024-11-18 23:43:29', '2025-03-01 20:51:43'),
(2, 'Second Semester', '2024 - 2025', 0, '2024-11-18 23:43:38', '2025-03-01 20:51:42'),
(3, 'First Semester', '2025 - 2026', 0, '2025-03-01 20:51:28', '2025-03-01 20:51:42');

-- --------------------------------------------------------

--
-- Table structure for table `subjects`
--

CREATE TABLE `subjects` (
  `id` bigint(20) UNSIGNED NOT NULL,
  `subject_code` varchar(255) NOT NULL,
  `description` varchar(255) NOT NULL,
  `section` varchar(255) NOT NULL,
  `term` varchar(255) NOT NULL,
  `subject_type` varchar(255) NOT NULL,
  `created_at` timestamp NULL DEFAULT NULL,
  `updated_at` timestamp NULL DEFAULT NULL
) ENGINE=InnoDB DEFAULT CHARSET=utf8mb4 COLLATE=utf8mb4_unicode_ci;

--
-- Dumping data for table `subjects`
--

INSERT INTO `subjects` (`id`, `subject_code`, `description`, `section`, `term`, `subject_type`, `created_at`, `updated_at`) VALUES
(4, 'SYSINT2', 'SYTEMS INTEGRATION AND ARCHITECTURE', 'IDC2', 'First Semester, 2024 - 2025', 'Lab', '2024-11-19 00:54:55', '2025-03-04 19:00:13'),
(10, 'APPDEV1', 'INTRODUCTION TO APPLICATION DEVELOPMENT', 'IDB3', 'First Semester, 2024 - 2025', 'Lab', '2024-11-19 01:52:27', '2024-11-21 00:35:16'),
(12, 'ITMGNT1', 'PROJECT MANAGEMENT', 'IAB2', 'First Semester, 2024 - 2025', 'Lab', '2024-11-19 03:23:59', '2025-03-03 00:52:37'),
(13, 'IMDBSE2', 'ADVANCED DATABASE SYSTEMS', 'IDB3', 'First Semester, 2024 - 2025', 'Lab', '2024-11-20 00:57:02', '2025-03-04 19:09:38'),
(14, 'PROGIT2', 'PROJECT ORIENTED PROGRAMMING', 'IAB3', 'First Semester, 2024 - 2025', 'Lab', '2024-12-07 18:54:51', '2025-03-04 01:57:18'),
(15, 'PROGIT2', 'PROJECT ORIENTED PROGRAMMING', 'IAB2', 'First Semester, 2024 - 2025', 'Lab', '2025-03-02 17:40:28', '2025-03-04 01:57:26'),
(16, 'ITMGNT1', 'PROJECT MANAGEMENT', 'IAB3', 'First Semester, 2024 - 2025', 'Lab', '2025-03-04 02:02:28', '2025-03-04 02:02:28'),
(17, 'PROGIT2', 'PROJECT OREINTED PROGRAMMING', 'IAB4', 'First Semester, 2024 - 2025', 'Lec', '2025-03-05 03:06:19', '2025-03-05 03:06:19');

-- --------------------------------------------------------

--
-- Table structure for table `subject_descriptions`
--

CREATE TABLE `subject_descriptions` (
  `id` bigint(20) UNSIGNED NOT NULL,
  `year_level` int(2) DEFAULT NULL,
  `subject_code` varchar(255) NOT NULL,
  `subject_name` varchar(255) NOT NULL,
  `created_at` timestamp NULL DEFAULT NULL,
  `updated_at` timestamp NULL DEFAULT NULL
) ENGINE=InnoDB DEFAULT CHARSET=utf8mb4 COLLATE=utf8mb4_unicode_ci;

-- --------------------------------------------------------

--
-- Table structure for table `subject_type_percentage`
--

CREATE TABLE `subject_type_percentage` (
  `id` bigint(20) UNSIGNED NOT NULL,
  `subject_type` varchar(255) NOT NULL,
  `lec_percentage` decimal(3,2) NOT NULL,
  `lab_percentage` decimal(3,2) NOT NULL,
  `created_at` timestamp NULL DEFAULT NULL,
  `updated_at` timestamp NULL DEFAULT NULL
) ENGINE=InnoDB DEFAULT CHARSET=utf8mb4 COLLATE=utf8mb4_unicode_ci;

--
-- Dumping data for table `subject_type_percentage`
--

INSERT INTO `subject_type_percentage` (`id`, `subject_type`, `lec_percentage`, `lab_percentage`, `created_at`, `updated_at`) VALUES
(1, 'LecLab4060', 0.40, 0.60, '2024-11-19 02:04:34', '2024-11-19 02:04:34');

-- --------------------------------------------------------

--
-- Table structure for table `users`
--

CREATE TABLE `users` (
  `id` bigint(20) UNSIGNED NOT NULL,
  `id_number` varchar(255) NOT NULL,
  `name` varchar(255) NOT NULL,
  `middle_name` varchar(255) DEFAULT NULL,
  `last_name` varchar(255) DEFAULT NULL,
  `course` varchar(255) DEFAULT NULL,
  `email` varchar(255) DEFAULT NULL,
  `gender` varchar(255) DEFAULT NULL,
  `password` varchar(255) NOT NULL,
  `role` tinyint(4) NOT NULL COMMENT '1=admin, 2=teacher, 3=student, 4=secretary',
  `secondary_role` tinyint(2) DEFAULT NULL,
  `password_changed` tinyint(1) NOT NULL DEFAULT 0,
  `is_active` tinyint(1) DEFAULT 1,
  `remember_token` varchar(100) DEFAULT NULL,
  `created_at` timestamp NULL DEFAULT NULL,
  `updated_at` timestamp NULL DEFAULT NULL
) ENGINE=InnoDB DEFAULT CHARSET=utf8mb4 COLLATE=utf8mb4_unicode_ci;

--
-- Dumping data for table `users`
--

INSERT INTO `users` (`id`, `id_number`, `name`, `middle_name`, `last_name`, `course`, `email`, `gender`, `password`, `role`, `secondary_role`, `password_changed`, `is_active`, `remember_token`, `created_at`, `updated_at`) VALUES
(1, 'admin', 'Stephen', 'E.', 'Strange', NULL, NULL, NULL, '$2y$10$ifbYrHEq0OvHBpHcYmNdf.niICRo50QwuG16m4JSmezVD0FTt3a1K', 1, 2, 1, 1, '7agGtMZVFJgmHtT2V6C6J4qXJ4IX6Pam6IOqmc3fUi5dCxD1lBYlrhSs2WCR', NULL, '2024-11-18 23:16:35'),
(198, '12', 'arq3ee', 'qweqweqwe', 'qweqweq', '', NULL, '', '$2y$10$rbRbR0dRX48wUvJFk1inMevq3tDWsdls1DR2hDBMgkwlNFmeVFpHK', 2, NULL, 0, 1, NULL, '2024-11-07 16:32:31', '2024-11-07 16:32:31'),
(199, '12312124124', '1212312', 'qweqwe123', '1231eqw', '', NULL, '', '$2y$10$uxNXB5x6VFS7LWZCOpzVH.zlbv/tYju4kmJJEbTIJa0CwBFR74cUa', 2, NULL, 0, 1, NULL, '2024-11-07 16:32:55', '2024-11-07 16:32:55'),
(200, '57645747', 'ergererg', 'werqwgw', '1231wqrweg', '', NULL, '', '$2y$10$9ncFpDx0sR6yMuE1xHrSKeJT3vkELFaTyuU9JGnkmCauI7RKnx0ri', 2, NULL, 0, 0, NULL, '2024-11-07 16:33:11', '2024-11-20 22:00:22'),
(201, '568568568', 'wetgwewryh', '45twewer', '33tertgergerg', '', NULL, '', '$2y$10$Dw6FbtCNJ9pGcH9KJJrL8OeGV2Rf9lisESt01vkqPcucZlQzvKTu6', 4, NULL, 0, 1, NULL, '2024-11-07 16:33:27', '2024-11-07 16:33:27'),
(202, '11110000', 'Werner', 'S', 'Zeigler', '', NULL, '', '$2y$10$ysKR88F5pnnhTPE8ZiUg4.n/.8zAH9euNr0gw2T3trK2x5LV9.jJq', 2, NULL, 1, 1, 'MF27pglsjA1H8Xg8LqdJ8phd283cEaFPZ1pDEVSHp91hE2iuMGvfp5dbLgKy', '2024-11-07 18:23:38', '2024-11-18 21:19:22'),
(203, '20151000', 'Tariq', 'R.', 'Andrews', 'BSIT', NULL, 'Male', '$2y$10$U19gytGQTecDEvKemcDEoOdkkiuW5pUhBhSnrFPLqoPYmcrvKuCsK', 3, NULL, 1, 1, '4kYb57mtSttxvS7F2XPf1tSFIsQLyjcbDNknSqKsAqg7P13Etp8uDbUoB0kD', '2024-11-07 19:44:03', '2024-11-07 21:24:18'),
(204, '20151110', 'Raphael', 'S.', 'Archer', 'BSIT', NULL, 'Male', '$2y$10$K8eXvnNAUVrXSyJhc/uqyejhhIyYf675A6I9DReRIHb8MJ/kzam.6', 3, NULL, 0, 1, NULL, '2024-11-07 19:44:04', '2024-11-07 19:44:04'),
(205, '20151120', 'Brian', 'L.', 'Cooke', 'BSCS', NULL, 'Male', '$2y$10$fAztqj6z3mV8wfCQwX.t8Ok4mxJ9/fFl4RxGqfoasVGgiLk8UT7Uy', 3, NULL, 0, 1, NULL, '2024-11-07 19:44:04', '2024-11-07 19:44:04'),
(206, '20151130', 'Timothy', 'U.', 'Dejesus', 'BSCS', NULL, 'Male', '$2y$10$nZYdqTXYEji5dAFvKItDA.zeLNeqJslc2xjVc2eDO01vOFD.Wjxwa', 3, NULL, 0, 1, NULL, '2024-11-07 19:44:04', '2024-11-07 19:44:04'),
(207, '20151140', 'Vincent', 'M.', 'Fernandez', 'BSCS', NULL, 'Male', '$2y$10$dG2EqDUwnATYx7ikrtBG1.B0U8bmz9kPhu5H9XgI36m02Z.qT6gW.', 3, NULL, 0, 1, NULL, '2024-11-07 19:44:05', '2024-11-07 19:44:05'),
(208, '20151150', 'Olly', 'P.', 'Ford', 'BSCS', NULL, 'Male', '$2y$10$F4qZ0Rh5HI2IXrhgcpmHeeFn0h3FSo8vUtIjztYxFAonq6rM4hEa6', 3, NULL, 0, 1, NULL, '2024-11-07 19:44:05', '2024-11-07 19:44:05'),
(209, '20151160', 'Magnus', 'P.', 'Gould', 'BSCS', NULL, 'Male', '$2y$10$6HMi5beMbUWBmsAmkOkYRerguzpf/Wo.XTm3vIUoej8LsChSzJeX6', 3, NULL, 0, 1, NULL, '2024-11-07 19:44:05', '2024-11-07 19:44:05'),
(210, '20151170', 'Dennis', 'S.', 'Haley', 'BSCS', NULL, 'Male', '$2y$10$iSaeLs6QEGLQohfYteEB/OjpYr5D4ztpv4.A00B.aIRLuakZIY2EW', 3, NULL, 0, 1, NULL, '2024-11-07 19:44:05', '2024-11-07 19:44:05'),
(211, '20151180', 'Jakob', 'W.', 'Harding', 'BSCS', NULL, 'Male', '$2y$10$lhV07n3qDV4ZT27d5sa.s.qv8tneylBPH1z7MUVS05mbkNbeDbeku', 3, NULL, 0, 1, NULL, '2024-11-07 19:44:05', '2024-11-07 19:44:05'),
(212, '20151190', 'Mike', 'A.', 'Ingram', 'BSCS', NULL, 'Male', '$2y$10$Q3bMRlEf5/8b4oVtm2AbO.yGeLhBjS2k2cVBA05nS.WVTDDlTziRe', 3, NULL, 0, 1, NULL, '2024-11-07 19:44:05', '2024-11-07 19:44:05'),
(213, '20151200', 'Omer', 'X.', 'Leonard', 'BSCS', NULL, 'Male', '$2y$10$xCs1E4mjYMk0ZVbkBzEg/ukCQ5VBOM63/BXmJFr5q29.hscBhWSk.', 3, NULL, 0, 1, NULL, '2024-11-07 19:44:06', '2024-11-07 19:44:06'),
(214, '20151210', 'Mike', 'S.', 'Morton', 'BSCS', NULL, 'Male', '$2y$10$CHSOJS9uQJFOmpJ1s9Wv4.A0OTfQDRkhVEVey18cbwtee3AqBX/Nm', 3, NULL, 0, 1, NULL, '2024-11-07 19:44:06', '2024-11-07 19:44:06'),
(215, '20151220', 'Trystan', 'Q.', 'Mullen', 'BSCS', NULL, 'Male', '$2y$10$nspev5TwGSsVhdnMGQsyzOoSrAFZ1PZReuTsIN4B7WyPmDVCBVUNy', 3, NULL, 0, 1, NULL, '2024-11-07 19:44:07', '2024-11-07 19:44:07'),
(216, '20151230', 'Dewey', 'M.', 'Stein', 'BSCS', NULL, 'Male', '$2y$10$2EdbU17uWaHOgsxO47mJ0e1gKfU1Xq.7Is6yZB8oOs1vSgVF2nRoW', 3, NULL, 0, 1, NULL, '2024-11-07 19:44:07', '2024-11-07 19:44:07'),
(217, '20151240', 'Shannon', 'H.', 'Summers', 'BSCS', NULL, 'Male', '$2y$10$44bfz/rSi6vq/BKpi1k4sO6jMCLTgWj1UoZYIT4TOwU6bwYFs6dPe', 3, NULL, 0, 1, NULL, '2024-11-07 19:44:07', '2024-11-07 19:44:07'),
(218, '20151250', 'Byron', 'Q.', 'Sweeney', 'BSCS', NULL, 'Male', '$2y$10$MNh3CazeVSAabawI7BgNAu02y6DsnqR6m24U.zzKpILpegkWjo0.u', 3, NULL, 0, 1, NULL, '2024-11-07 19:44:08', '2024-11-07 19:44:08'),
(219, '20151260', 'Ishaan', 'Q.', 'Vang', 'BSCS', NULL, 'Male', '$2y$10$d1jsa/Lxm1IGngqWeLnslO.3mqbrA5EBW0zYdCeZsvtx927ZXl9fy', 3, NULL, 0, 1, NULL, '2024-11-07 19:44:08', '2024-11-07 19:44:08'),
(220, '20151270', 'Gideon', 'C.', 'Velasquez', 'BSCS', NULL, 'Male', '$2y$10$UdGzIP22R0G99Diwg4pBCOm0sKNxz87q8bWYr.LXmtQ5n6.g0WCiS', 3, NULL, 0, 1, NULL, '2024-11-07 19:44:08', '2024-11-18 23:33:33'),
(221, '20151454', 'Eryn', 'W.', 'Douglas', 'BSIT', NULL, 'Female', '$2y$10$sFDrNFfFW88vpRxPGuzXOu3dMeAqSP2urFRDbjIIKsSKHZMqNho1a', 3, NULL, 0, 1, NULL, '2024-11-07 19:44:08', '2024-11-07 19:44:08'),
(222, '20151970', 'Jayden', 'M.', 'Giles', 'BSCS', NULL, 'Female', '$2y$10$7nWHy5hpUjOhDDMj0lWkEeYrtXn1hzQi7VJu4lT53UxpEBsTLxHJu', 3, NULL, 0, 1, NULL, '2024-11-07 19:44:08', '2024-11-07 20:12:36'),
(223, '20151750', 'Evangeline', 'S.', 'Holloway', 'BSCS', NULL, 'Female', '$2y$10$ohU3VVc0e7flSk4E7XRqU.QyH/njiShOFyjzjGLAM6kLtVCtPYwrW', 3, NULL, 0, 1, NULL, '2024-11-07 20:09:36', '2024-11-07 20:09:36'),
(224, '00001111', 'Lalo', 'S', 'Salamanca', '', NULL, '', '$2y$10$xGMYzChwHnfJkDKsIlQfOuWYo/Dz2s42DjOTu4hA4AWFO4Bgl3z2O', 4, NULL, 1, 1, 'E4k6pBItxESgQLJhygybTvhZWhD296QJ9PVh3RYPkI1WH7iAJxpny6R1FQAV', '2024-11-07 21:22:45', '2024-11-07 21:23:41'),
(225, '20181775', 'GERALD PRINCE', 'BACAYON', 'ALLAWAN', 'BSCS', '20181775@s.ubaguio.edu', 'Male', '$2y$10$DY.6m48CHZX.nYHDwY8I7eI97ZFGu/TSibYcMs8isHOUq1aJ7NVXm', 3, NULL, 1, 1, 'Wmlim1CX9Gju6ZnOvHFO0i2lfISCKjBKctMkLQAtaC7DSn5Jqk4YnhmJ0oVL', '2024-11-19 02:48:48', '2024-12-07 19:08:04'),
(226, '20237713', 'MAQUIER HANS', 'TENORIO', 'ARNOBIT', 'BSCS', '20237713@s.ubaguio.edu', 'Male', '$2y$10$6xiiADyxacNA5F2Ueehv8eo6aGsyqHIkMvxfilltdrfPAcYjCIsHK', 3, NULL, 0, 1, NULL, '2024-11-19 02:48:48', '2024-12-07 19:06:46'),
(227, '20234719', 'KEF HARVEY', 'MASAOAY', 'BUGNAY', 'BSCS', '20234719@s.ubaguio.edu', 'Male', '$2y$10$5c7pLQy8/2OQiVuNQwd6Z.jaahW.2XfpW.BHMsK/Yd041fLy2FeFS', 3, NULL, 0, 1, NULL, '2024-11-19 02:48:49', '2024-12-07 19:06:46'),
(228, '20192672', 'RHONE BRYCE', 'MOLTIO', 'CHAMOS', 'BSCS', '20192672@s.ubaguio.edu', 'Male', '$2y$10$TlxI9ZoAkD74UPMHwpWnDuNY0tVj6coEQtjc88Q5IriS.4u68GPfu', 3, NULL, 0, 1, NULL, '2024-11-19 02:48:49', '2024-12-07 19:06:46'),
(229, '20140976', 'JONAH ANDRE', 'PATENDO', 'DE GUZMAN', 'BSCS', '20140976@s.ubaguio.edu', 'Male', '$2y$10$7iT.GTRn9CicVZUuBjTMmuzjug/tlqL0pYeEeOXNn8UrYX4xvwgAi', 3, NULL, 0, 1, NULL, '2024-11-19 02:48:49', '2024-12-07 19:06:46'),
(230, '20235142', 'CRISTIAN JOSEPH', 'FERNANDEZ', 'DIZON', 'BSCS', '20235142@s.ubaguio.edu', 'Male', '$2y$10$XeXWnc125y7mcLnySt2nneHijrq2oyTKWHA.DJ31LtW22/J7eq58y', 3, NULL, 0, 1, NULL, '2024-11-19 02:48:49', '2024-12-07 19:06:46'),
(231, '20237809', 'FHRENNE SZEN', 'DUPINGAY', 'INSO', 'BSCS', '20237809@s.ubaguio.edu', 'Male', '$2y$10$5yA3ueLPgWr9pqq2KAI4j.jZI4F0s4EJaWoVo3u9ybFPBLv0xGKby', 3, NULL, 0, 1, NULL, '2024-11-19 02:48:49', '2024-12-07 19:06:46'),
(232, '20171292', 'MAVERICK ZACH', 'DUGAO', 'LOBCHOY', 'BSCS', '20171292@s.ubaguio.edu', 'Male', '$2y$10$LkNAJFDIKzeK93P8YzgnWOFxftMBpJviVYfq1cRvaLc5lQSrtP6O.', 3, NULL, 0, 1, NULL, '2024-11-19 02:48:49', '2024-12-07 19:06:46'),
(233, '20237790', 'LANCE ANGELO', 'GARCIA', 'PABLO', 'BSCS', '20237790@s.ubaguio.edu', 'Male', '$2y$10$KlzSZfk7KXIuxUnVUf7iU.OjNVLbgcxVfDaODY.XXGDenKs8Wgr.G', 3, NULL, 0, 1, NULL, '2024-11-19 02:48:49', '2024-12-07 19:06:46'),
(234, '20209694', 'JHELO', 'DULAYCAN', 'PALCO', 'BSCS', '20209694@s.ubaguio.edu', 'Male', '$2y$10$ZGxwOI.oXo8pewNUrphLQuXmmX0Zvkbxh6PnHzg6SiEgR3HT9DHdS', 3, NULL, 0, 1, NULL, '2024-11-19 02:48:49', '2024-12-07 19:06:46'),
(235, '20236987', 'JUN WALENG', 'DELMAS', 'PASING', 'BSCS', '20236987@s.ubaguio.edu', 'Male', '$2y$10$8js97uPlPcu6IgvrufDmWu0MSAQl1YS00ig9D0BrE/4ikzhKso5bK', 3, NULL, 0, 1, NULL, '2024-11-19 02:48:50', '2024-12-07 19:06:46'),
(236, '20237896', 'WILLIAM RAP-EL', 'OLIVEROS', 'RAGEL', 'BSCS', '20237896@s.ubaguio.edu', 'Male', '$2y$10$2.xVsv8mbmZ3tFuHhXSUtOsoRiRbgZ5aRzfLY0S.lO4A/gw4gIoBC', 3, NULL, 0, 1, NULL, '2024-11-19 02:48:50', '2024-12-07 19:06:46'),
(237, '20161521', 'STEPHEN EZEKIEL', 'CALALO', 'ROBLES', 'BSCS', '20161521@s.ubaguio.edu', 'Male', '$2y$10$86.ujeAAWXRgmsB9Meh8Z.NrOYGAy6Yw0D2hzLLoXJsdpw4z/KIGC', 3, NULL, 0, 1, NULL, '2024-11-19 02:48:50', '2024-12-07 19:06:46'),
(238, '20226410', 'ERIN DREW', 'CASTILLON', 'COVACHA', 'BSCS', '20226410@s.ubaguio.edu', 'Female', '$2y$10$M.q7MBLzS728OpZVQQEsWuk/h5qkCA5blZR0UC5J0DSe.XMDJ2BNW', 3, NULL, 0, 1, NULL, '2024-11-19 02:48:50', '2024-12-07 19:06:47'),
(239, '20212590', 'VALLEREE', 'DUNUAN', 'JOSEPH', 'BSCS', '20212590@s.ubaguio.edu', 'Female', '$2y$10$6TV7hS8WsfGbi9AsX6X42..MSqtsmH4twAB5/2SWsqbzd.CALswDW', 3, NULL, 0, 1, NULL, '2024-11-19 02:48:50', '2024-12-07 19:06:47'),
(240, '20237084', 'CEOLO DIANE', 'AWACAN', 'KANAPI', 'BSCS', '20237084@s.ubaguio.edu', 'Female', '$2y$10$7jnE0w3Rbav2hYXK45ARY.K80AXY1QS8kVniYjQ4fnAoIbMlosSI.', 3, NULL, 0, 1, NULL, '2024-11-19 02:48:50', '2024-12-07 19:06:47'),
(241, '20141985', 'IVANA CLAUDIA', 'MENIS', 'ROM', 'BSCS', '20141985@s.ubaguio.edu', 'Female', '$2y$10$UYS4.mH3p5xSupAT9Y9ux./bxd32BLmTljyre8r5jmCS23o/24o0C', 3, NULL, 1, 1, 'uWbESqwxzko9GMjoJpS60TmZm7BuxKcD9ygo0Rxl1B7WAhYPRsmPumMKd76n', '2024-12-07 19:19:21', '2024-12-07 19:25:23'),
(242, '20237791', 'LANCE ANGELO', 'GARCIA', 'PALCO', 'BSCS', '20237791@s.ubaguio.edu', 'Male', '$2y$10$7DillTkGY0eMQ.jsNxDRvOa/isw7fgcKs2RCxj1Uk1LrrTB/xujpq', 3, NULL, 0, 1, NULL, '2025-03-04 02:02:29', '2025-03-04 02:02:29'),
(243, '20212591', 'VILLES', 'DUNUAN', 'JOSAN', 'BSCS', '20212591@s.ubaguio.edu', 'Female', '$2y$10$GsrbEAu8yyV5Lqa5uhO7O.pvENc0P81cpv5I0sdA1cyvRwMw56Rn6', 3, NULL, 0, 1, NULL, '2025-03-04 02:02:30', '2025-03-04 02:02:30');

--
-- Indexes for dumped tables
--

--
-- Indexes for table `assessments`
--
ALTER TABLE `assessments`
  ADD PRIMARY KEY (`id`),
  ADD KEY `assessments_subject_id_foreign` (`subject_id`);

--
-- Indexes for table `assessment_descriptions`
--
ALTER TABLE `assessment_descriptions`
  ADD PRIMARY KEY (`id`),
  ADD KEY `assessment_descriptions_subject_desc_id_foreign` (`subject_desc_id`);

--
-- Indexes for table `assessment_views`
--
ALTER TABLE `assessment_views`
  ADD PRIMARY KEY (`id`),
  ADD UNIQUE KEY `student_assessment_unique` (`student_id`,`assessment_id`),
  ADD KEY `assessment_id` (`assessment_id`);

--
-- Indexes for table `enrolled_students`
--
ALTER TABLE `enrolled_students`
  ADD PRIMARY KEY (`id`),
  ADD KEY `enrolled_students_student_id_foreign` (`student_id`),
  ADD KEY `enrolled_students_imported_classlist_id_foreign` (`imported_classlist_id`);

--
-- Indexes for table `failed_jobs`
--
ALTER TABLE `failed_jobs`
  ADD PRIMARY KEY (`id`),
  ADD UNIQUE KEY `failed_jobs_uuid_unique` (`uuid`);

--
-- Indexes for table `grades`
--
ALTER TABLE `grades`
  ADD PRIMARY KEY (`id`),
  ADD KEY `grades_enrolled_student_id_foreign` (`enrolled_student_id`),
  ADD KEY `grades_assessment_id_foreign` (`assessment_id`);

--
-- Indexes for table `grade_ceiling_settings`
--
ALTER TABLE `grade_ceiling_settings`
  ADD PRIMARY KEY (`id`),
  ADD UNIQUE KEY `identifier` (`identifier`);

--
-- Indexes for table `imported_classlist`
--
ALTER TABLE `imported_classlist`
  ADD PRIMARY KEY (`id`),
  ADD KEY `imported_classlist_subjects_id_foreign` (`subjects_id`),
  ADD KEY `imported_classlist_instructor_id_foreign` (`instructor_id`),
  ADD KEY `fk_previous_instructor` (`previous_instructor_id`);

--
-- Indexes for table `migrations`
--
ALTER TABLE `migrations`
  ADD PRIMARY KEY (`id`);

--
-- Indexes for table `password_reset_tokens`
--
ALTER TABLE `password_reset_tokens`
  ADD PRIMARY KEY (`email`);

--
-- Indexes for table `personal_access_tokens`
--
ALTER TABLE `personal_access_tokens`
  ADD PRIMARY KEY (`id`),
  ADD UNIQUE KEY `personal_access_tokens_token_unique` (`token`),
  ADD KEY `personal_access_tokens_tokenable_type_tokenable_id_index` (`tokenable_type`,`tokenable_id`);

--
-- Indexes for table `sections`
--
ALTER TABLE `sections`
  ADD PRIMARY KEY (`id`),
  ADD KEY `subject_description_id` (`subject_description_id`);

--
-- Indexes for table `semesters`
--
ALTER TABLE `semesters`
  ADD PRIMARY KEY (`id`),
  ADD UNIQUE KEY `unique_semester_school_year` (`semester_name`,`school_year`);

--
-- Indexes for table `subjects`
--
ALTER TABLE `subjects`
  ADD PRIMARY KEY (`id`);

--
-- Indexes for table `subject_descriptions`
--
ALTER TABLE `subject_descriptions`
  ADD PRIMARY KEY (`id`),
  ADD UNIQUE KEY `subject_descriptions_subject_code_unique` (`subject_code`);

--
-- Indexes for table `subject_type_percentage`
--
ALTER TABLE `subject_type_percentage`
  ADD PRIMARY KEY (`id`),
  ADD UNIQUE KEY `subject_type_percentage_subject_type_unique` (`subject_type`);

--
-- Indexes for table `users`
--
ALTER TABLE `users`
  ADD PRIMARY KEY (`id`),
  ADD UNIQUE KEY `users_id_number_unique` (`id_number`),
  ADD UNIQUE KEY `email` (`email`);

--
-- AUTO_INCREMENT for dumped tables
--

--
-- AUTO_INCREMENT for table `assessments`
--
ALTER TABLE `assessments`
  MODIFY `id` bigint(20) UNSIGNED NOT NULL AUTO_INCREMENT, AUTO_INCREMENT=21;

--
-- AUTO_INCREMENT for table `assessment_descriptions`
--
ALTER TABLE `assessment_descriptions`
  MODIFY `id` bigint(20) UNSIGNED NOT NULL AUTO_INCREMENT;

--
-- AUTO_INCREMENT for table `assessment_views`
--
ALTER TABLE `assessment_views`
  MODIFY `id` bigint(20) UNSIGNED NOT NULL AUTO_INCREMENT, AUTO_INCREMENT=3;

--
-- AUTO_INCREMENT for table `enrolled_students`
--
ALTER TABLE `enrolled_students`
  MODIFY `id` bigint(20) UNSIGNED NOT NULL AUTO_INCREMENT, AUTO_INCREMENT=322;

--
-- AUTO_INCREMENT for table `failed_jobs`
--
ALTER TABLE `failed_jobs`
  MODIFY `id` bigint(20) UNSIGNED NOT NULL AUTO_INCREMENT;

--
-- AUTO_INCREMENT for table `grades`
--
ALTER TABLE `grades`
  MODIFY `id` bigint(20) UNSIGNED NOT NULL AUTO_INCREMENT, AUTO_INCREMENT=411;

--
-- AUTO_INCREMENT for table `grade_ceiling_settings`
--
ALTER TABLE `grade_ceiling_settings`
  MODIFY `id` int(11) NOT NULL AUTO_INCREMENT, AUTO_INCREMENT=2;

--
-- AUTO_INCREMENT for table `imported_classlist`
--
ALTER TABLE `imported_classlist`
  MODIFY `id` bigint(20) UNSIGNED NOT NULL AUTO_INCREMENT, AUTO_INCREMENT=18;

--
-- AUTO_INCREMENT for table `migrations`
--
ALTER TABLE `migrations`
  MODIFY `id` int(10) UNSIGNED NOT NULL AUTO_INCREMENT;

--
-- AUTO_INCREMENT for table `personal_access_tokens`
--
ALTER TABLE `personal_access_tokens`
  MODIFY `id` bigint(20) UNSIGNED NOT NULL AUTO_INCREMENT;

--
-- AUTO_INCREMENT for table `sections`
--
ALTER TABLE `sections`
  MODIFY `id` bigint(20) UNSIGNED NOT NULL AUTO_INCREMENT;

--
-- AUTO_INCREMENT for table `semesters`
--
ALTER TABLE `semesters`
  MODIFY `id` bigint(20) UNSIGNED NOT NULL AUTO_INCREMENT, AUTO_INCREMENT=4;

--
-- AUTO_INCREMENT for table `subjects`
--
ALTER TABLE `subjects`
  MODIFY `id` bigint(20) UNSIGNED NOT NULL AUTO_INCREMENT, AUTO_INCREMENT=18;

--
-- AUTO_INCREMENT for table `subject_descriptions`
--
ALTER TABLE `subject_descriptions`
  MODIFY `id` bigint(20) UNSIGNED NOT NULL AUTO_INCREMENT;

--
-- AUTO_INCREMENT for table `subject_type_percentage`
--
ALTER TABLE `subject_type_percentage`
  MODIFY `id` bigint(20) UNSIGNED NOT NULL AUTO_INCREMENT, AUTO_INCREMENT=3;

--
-- AUTO_INCREMENT for table `users`
--
ALTER TABLE `users`
  MODIFY `id` bigint(20) UNSIGNED NOT NULL AUTO_INCREMENT, AUTO_INCREMENT=244;

--
-- Constraints for dumped tables
--

--
-- Constraints for table `assessments`
--
ALTER TABLE `assessments`
  ADD CONSTRAINT `assessments_subject_id_foreign` FOREIGN KEY (`subject_id`) REFERENCES `subjects` (`id`);

--
-- Constraints for table `assessment_descriptions`
--
ALTER TABLE `assessment_descriptions`
  ADD CONSTRAINT `assessment_descriptions_subject_desc_id_foreign` FOREIGN KEY (`subject_desc_id`) REFERENCES `subject_descriptions` (`id`);

--
-- Constraints for table `assessment_views`
--
ALTER TABLE `assessment_views`
  ADD CONSTRAINT `assessment_views_ibfk_1` FOREIGN KEY (`student_id`) REFERENCES `users` (`id`) ON DELETE CASCADE,
  ADD CONSTRAINT `assessment_views_ibfk_2` FOREIGN KEY (`assessment_id`) REFERENCES `assessments` (`id`) ON DELETE CASCADE;

--
-- Constraints for table `enrolled_students`
--
ALTER TABLE `enrolled_students`
  ADD CONSTRAINT `enrolled_students_imported_classlist_id_foreign` FOREIGN KEY (`imported_classlist_id`) REFERENCES `imported_classlist` (`id`),
  ADD CONSTRAINT `enrolled_students_student_id_foreign` FOREIGN KEY (`student_id`) REFERENCES `users` (`id`);

--
-- Constraints for table `grades`
--
ALTER TABLE `grades`
  ADD CONSTRAINT `grades_assessment_id_foreign` FOREIGN KEY (`assessment_id`) REFERENCES `assessments` (`id`),
  ADD CONSTRAINT `grades_enrolled_student_id_foreign` FOREIGN KEY (`enrolled_student_id`) REFERENCES `enrolled_students` (`id`);

--
-- Constraints for table `imported_classlist`
--
ALTER TABLE `imported_classlist`
  ADD CONSTRAINT `fk_previous_instructor` FOREIGN KEY (`previous_instructor_id`) REFERENCES `users` (`id`) ON DELETE SET NULL,
  ADD CONSTRAINT `imported_classlist_instructor_id_foreign` FOREIGN KEY (`instructor_id`) REFERENCES `users` (`id`),
  ADD CONSTRAINT `imported_classlist_subjects_id_foreign` FOREIGN KEY (`subjects_id`) REFERENCES `subjects` (`id`);

--
-- Constraints for table `sections`
--
ALTER TABLE `sections`
  ADD CONSTRAINT `fk_subject_description` FOREIGN KEY (`subject_description_id`) REFERENCES `subject_descriptions` (`id`) ON DELETE CASCADE;
COMMIT;

/*!40101 SET CHARACTER_SET_CLIENT=@OLD_CHARACTER_SET_CLIENT */;
/*!40101 SET CHARACTER_SET_RESULTS=@OLD_CHARACTER_SET_RESULTS */;
/*!40101 SET COLLATION_CONNECTION=@OLD_COLLATION_CONNECTION */;
